id,name,category,price,stock
1,electronics-1,electronics,1.37,7
2,clothing-2,clothing,2.74,14
3,books-3,books,4.11,21
4,home-4,home,5.48,28
5,toys-5,toys,6.85,35
6,food-6,food,8.22,42
7,electronics-7,electronics,9.59,49
8,clothing-8,clothing,10.96,56
9,books-9,books,12.33,63
10,home-10,home,13.70,70
11,toys-11,toys,15.07,77
12,food-12,food,16.44,84
13,electronics-13,electronics,17.81,91
14,clothing-14,clothing,19.18,98
15,books-15,books,20.55,105
16,home-16,home,21.92,112
17,toys-17,toys,23.29,119
18,food-18,food,24.66,126
19,electronics-19,electronics,26.03,133
20,clothing-20,clothing,27.40,140
21,books-21,books,28.77,147
22,home-22,home,30.14,154
23,toys-23,toys,31.51,161
24,food-24,food,32.88,168
25,electronics-25,electronics,34.25,175
26,clothing-26,clothing,35.62,182
27,books-27,books,36.99,189
28,home-28,home,38.36,196
29,toys-29,toys,39.73,203
30,food-30,food,41.10,210
31,electronics-31,electronics,42.47,217
32,clothing-32,clothing,43.84,224
33,books-33,books,45.21,231
34,home-34,home,46.58,238
35,toys-35,toys,47.95,245
36,food-36,food,49.32,252
37,electronics-37,electronics,50.69,259
38,clothing-38,clothing,52.06,266
39,books-39,books,53.43,273
40,home-40,home,54.80,280
41,toys-41,toys,56.17,287
42,food-42,food,57.54,294
43,electronics-43,electronics,58.91,301
44,clothing-44,clothing,60.28,308
45,books-45,books,61.65,315
46,home-46,home,63.02,322
47,toys-47,toys,64.39,329
48,food-48,food,65.76,336
49,electronics-49,electronics,67.13,343
50,clothing-50,clothing,68.50,350
51,books-51,books,69.87,357
52,home-52,home,71.24,364
53,toys-53,toys,72.61,371
54,food-54,food,73.98,378
55,electronics-55,electronics,75.35,385
56,clothing-56,clothing,76.72,392
57,books-57,books,78.09,399
58,home-58,home,79.46,406
59,toys-59,toys,80.83,413
60,food-60,food,82.20,420
61,electronics-61,electronics,83.57,427
62,clothing-62,clothing,84.94,434
63,books-63,books,86.31,441
64,home-64,home,87.68,448
65,toys-65,toys,89.05,455
66,food-66,food,90.42,462
67,electronics-67,electronics,91.79,469
68,clothing-68,clothing,93.16,476
69,books-69,books,94.53,483
70,home-70,home,95.90,490
71,toys-71,toys,97.27,497
72,food-72,food,98.64,4
73,electronics-73,electronics,0.01,11
74,clothing-74,clothing,1.38,18
75,books-75,books,2.75,25
76,home-76,home,4.12,32
77,toys-77,toys,5.49,39
78,food-78,food,6.86,46
79,electronics-79,electronics,8.23,53
80,clothing-80,clothing,9.60,60
81,books-81,books,10.97,67
82,home-82,home,12.34,74
83,toys-83,toys,13.71,81
84,food-84,food,15.08,88
85,electronics-85,electronics,16.45,95
86,clothing-86,clothing,17.82,102
87,books-87,books,19.19,109
88,home-88,home,20.56,116
89,toys-89,toys,21.93,123
90,food-90,food,23.30,130
91,electronics-91,electronics,24.67,137
92,clothing-92,clothing,26.04,144
93,books-93,books,27.41,151
94,home-94,home,28.78,158
95,toys-95,toys,30.15,165
96,food-96,food,31.52,172
97,electronics-97,electronics,32.89,179
98,clothing-98,clothing,34.26,186
99,books-99,books,35.63,193
100,home-100,home,37.00,200
101,toys-101,toys,38.37,207
102,food-102,food,39.74,214
103,electronics-103,electronics,41.11,221
104,clothing-104,clothing,42.48,228
105,books-105,books,43.85,235
106,home-106,home,45.22,242
107,toys-107,toys,46.59,249
108,food-108,food,47.96,256
109,electronics-109,electronics,49.33,263
110,clothing-110,clothing,50.70,270
111,books-111,books,52.07,277
112,home-112,home,53.44,284
113,toys-113,toys,54.81,291
114,food-114,food,56.18,298
115,electronics-115,electronics,57.55,305
116,clothing-116,clothing,58.92,312
117,books-117,books,60.29,319
118,home-118,home,61.66,326
119,toys-119,toys,63.03,333
120,food-120,food,64.40,340
121,electronics-121,electronics,65.77,347
122,clothing-122,clothing,67.14,354
123,books-123,books,68.51,361
124,home-124,home,69.88,368
125,toys-125,toys,71.25,375
126,food-126,food,72.62,382
127,electronics-127,electronics,73.99,389
128,clothing-128,clothing,75.36,396
129,books-129,books,76.73,403
130,home-130,home,78.10,410
131,toys-131,toys,79.47,417
132,food-132,food,80.84,424
133,electronics-133,electronics,82.21,431
134,clothing-134,clothing,83.58,438
135,books-135,books,84.95,445
136,home-136,home,86.32,452
137,toys-137,toys,87.69,459
138,food-138,food,89.06,466
139,electronics-139,electronics,90.43,473
140,clothing-140,clothing,91.80,480
141,books-141,books,93.17,487
142,home-142,home,94.54,494
143,toys-143,toys,95.91,1
144,food-144,food,97.28,8
145,electronics-145,electronics,98.65,15
146,clothing-146,clothing,0.02,22
147,books-147,books,1.39,29
148,home-148,home,2.76,36
149,toys-149,toys,4.13,43
150,food-150,food,5.50,50
151,electronics-151,electronics,6.87,57
152,clothing-152,clothing,8.24,64
153,books-153,books,9.61,71
154,home-154,home,10.98,78
155,toys-155,toys,12.35,85
156,food-156,food,13.72,92
157,electronics-157,electronics,15.09,99
158,clothing-158,clothing,16.46,106
159,books-159,books,17.83,113
160,home-160,home,19.20,120
161,toys-161,toys,20.57,127
162,food-162,food,21.94,134
163,electronics-163,electronics,23.31,141
164,clothing-164,clothing,24.68,148
165,books-165,books,26.05,155
166,home-166,home,27.42,162
167,toys-167,toys,28.79,169
168,food-168,food,30.16,176
169,electronics-169,electronics,31.53,183
170,clothing-170,clothing,32.90,190
171,books-171,books,34.27,197
172,home-172,home,35.64,204
173,toys-173,toys,37.01,211
174,food-174,food,38.38,218
175,electronics-175,electronics,39.75,225
176,clothing-176,clothing,41.12,232
177,books-177,books,42.49,239
178,home-178,home,43.86,246
179,toys-179,toys,45.23,253
180,food-180,food,46.60,260
181,electronics-181,electronics,47.97,267
182,clothing-182,clothing,49.34,274
183,books-183,books,50.71,281
184,home-184,home,52.08,288
185,toys-185,toys,53.45,295
186,food-186,food,54.82,302
187,electronics-187,electronics,56.19,309
188,clothing-188,clothing,57.56,316
189,books-189,books,58.93,323
190,home-190,home,60.30,330
191,toys-191,toys,61.67,337
192,food-192,food,63.04,344
193,electronics-193,electronics,64.41,351
194,clothing-194,clothing,65.78,358
195,books-195,books,67.15,365
196,home-196,home,68.52,372
197,toys-197,toys,69.89,379
198,food-198,food,71.26,386
199,electronics-199,electronics,72.63,393
200,clothing-200,clothing,74.00,400
201,books-201,books,75.37,407
202,home-202,home,76.74,414
203,toys-203,toys,78.11,421
204,food-204,food,79.48,428
205,electronics-205,electronics,80.85,435
206,clothing-206,clothing,82.22,442
207,books-207,books,83.59,449
208,home-208,home,84.96,456
209,toys-209,toys,86.33,463
210,food-210,food,87.70,470
211,electronics-211,electronics,89.07,477
212,clothing-212,clothing,90.44,484
213,books-213,books,91.81,491
214,home-214,home,93.18,498
215,toys-215,toys,94.55,5
216,food-216,food,95.92,12
217,electronics-217,electronics,97.29,19
218,clothing-218,clothing,98.66,26
219,books-219,books,0.03,33
220,home-220,home,1.40,40
221,toys-221,toys,2.77,47
222,food-222,food,4.14,54
223,electronics-223,electronics,5.51,61
224,clothing-224,clothing,6.88,68
225,books-225,books,8.25,75
226,home-226,home,9.62,82
227,toys-227,toys,10.99,89
228,food-228,food,12.36,96
229,electronics-229,electronics,13.73,103
230,clothing-230,clothing,15.10,110
231,books-231,books,16.47,117
232,home-232,home,17.84,124
233,toys-233,toys,19.21,131
234,food-234,food,20.58,138
235,electronics-235,electronics,21.95,145
236,clothing-236,clothing,23.32,152
237,books-237,books,24.69,159
238,home-238,home,26.06,166
239,toys-239,toys,27.43,173
240,food-240,food,28.80,180
241,electronics-241,electronics,30.17,187
242,clothing-242,clothing,31.54,194
243,books-243,books,32.91,201
244,home-244,home,34.28,208
245,toys-245,toys,35.65,215
246,food-246,food,37.02,222
247,electronics-247,electronics,38.39,229
248,clothing-248,clothing,39.76,236
249,books-249,books,41.13,243
250,home-250,home,42.50,250
251,toys-251,toys,43.87,257
252,food-252,food,45.24,264
253,electronics-253,electronics,46.61,271
254,clothing-254,clothing,47.98,278
255,books-255,books,49.35,285
256,home-256,home,50.72,292
257,toys-257,toys,52.09,299
258,food-258,food,53.46,306
259,electronics-259,electronics,54.83,313
260,clothing-260,clothing,56.20,320
261,books-261,books,57.57,327
262,home-262,home,58.94,334
263,toys-263,toys,60.31,341
264,food-264,food,61.68,348
265,electronics-265,electronics,63.05,355
266,clothing-266,clothing,64.42,362
267,books-267,books,65.79,369
268,home-268,home,67.16,376
269,toys-269,toys,68.53,383
270,food-270,food,69.90,390
271,electronics-271,electronics,71.27,397
272,clothing-272,clothing,72.64,404
273,books-273,books,74.01,411
274,home-274,home,75.38,418
275,toys-275,toys,76.75,425
276,food-276,food,78.12,432
277,electronics-277,electronics,79.49,439
278,clothing-278,clothing,80.86,446
279,books-279,books,82.23,453
280,home-280,home,83.60,460
281,toys-281,toys,84.97,467
282,food-282,food,86.34,474
283,electronics-283,electronics,87.71,481
284,clothing-284,clothing,89.08,488
285,books-285,books,90.45,495
286,home-286,home,91.82,2
287,toys-287,toys,93.19,9
288,food-288,food,94.56,16
289,electronics-289,electronics,95.93,23
290,clothing-290,clothing,97.30,30
291,books-291,books,98.67,37
292,home-292,home,0.04,44
293,toys-293,toys,1.41,51
294,food-294,food,2.78,58
295,electronics-295,electronics,4.15,65
296,clothing-296,clothing,5.52,72
297,books-297,books,6.89,79
298,home-298,home,8.26,86
299,toys-299,toys,9.63,93
300,food-300,food,11.00,100
301,electronics-301,electronics,12.37,107
302,clothing-302,clothing,13.74,114
303,books-303,books,15.11,121
304,home-304,home,16.48,128
305,toys-305,toys,17.85,135
306,food-306,food,19.22,142
307,electronics-307,electronics,20.59,149
308,clothing-308,clothing,21.96,156
309,books-309,books,23.33,163
310,home-310,home,24.70,170
311,toys-311,toys,26.07,177
312,food-312,food,27.44,184
313,electronics-313,electronics,28.81,191
314,clothing-314,clothing,30.18,198
315,books-315,books,31.55,205
316,home-316,home,32.92,212
317,toys-317,toys,34.29,219
318,food-318,food,35.66,226
319,electronics-319,electronics,37.03,233
320,clothing-320,clothing,38.40,240
321,books-321,books,39.77,247
322,home-322,home,41.14,254
323,toys-323,toys,42.51,261
324,food-324,food,43.88,268
325,electronics-325,electronics,45.25,275
326,clothing-326,clothing,46.62,282
327,books-327,books,47.99,289
328,home-328,home,49.36,296
329,toys-329,toys,50.73,303
330,food-330,food,52.10,310
331,electronics-331,electronics,53.47,317
332,clothing-332,clothing,54.84,324
333,books-333,books,56.21,331
334,home-334,home,57.58,338
335,toys-335,toys,58.95,345
336,food-336,food,60.32,352
337,electronics-337,electronics,61.69,359
338,clothing-338,clothing,63.06,366
339,books-339,books,64.43,373
340,home-340,home,65.80,380
341,toys-341,toys,67.17,387
342,food-342,food,68.54,394
343,electronics-343,electronics,69.91,401
344,clothing-344,clothing,71.28,408
345,books-345,books,72.65,415
346,home-346,home,74.02,422
347,toys-347,toys,75.39,429
348,food-348,food,76.76,436
349,electronics-349,electronics,78.13,443
350,clothing-350,clothing,79.50,450
351,books-351,books,80.87,457
352,home-352,home,82.24,464
353,toys-353,toys,83.61,471
354,food-354,food,84.98,478
355,electronics-355,electronics,86.35,485
356,clothing-356,clothing,87.72,492
357,books-357,books,89.09,499
358,home-358,home,90.46,6
359,toys-359,toys,91.83,13
360,food-360,food,93.20,20
361,electronics-361,electronics,94.57,27
362,clothing-362,clothing,95.94,34
363,books-363,books,97.31,41
364,home-364,home,98.68,48
365,toys-365,toys,0.05,55
366,food-366,food,1.42,62
367,electronics-367,electronics,2.79,69
368,clothing-368,clothing,4.16,76
369,books-369,books,5.53,83
370,home-370,home,6.90,90
371,toys-371,toys,8.27,97
372,food-372,food,9.64,104
373,electronics-373,electronics,11.01,111
374,clothing-374,clothing,12.38,118
375,books-375,books,13.75,125
376,home-376,home,15.12,132
377,toys-377,toys,16.49,139
378,food-378,food,17.86,146
379,electronics-379,electronics,19.23,153
380,clothing-380,clothing,20.60,160
381,books-381,books,21.97,167
382,home-382,home,23.34,174
383,toys-383,toys,24.71,181
384,food-384,food,26.08,188
385,electronics-385,electronics,27.45,195
386,clothing-386,clothing,28.82,202
387,books-387,books,30.19,209
388,home-388,home,31.56,216
389,toys-389,toys,32.93,223
390,food-390,food,34.30,230
391,electronics-391,electronics,35.67,237
392,clothing-392,clothing,37.04,244
393,books-393,books,38.41,251
394,home-394,home,39.78,258
395,toys-395,toys,41.15,265
396,food-396,food,42.52,272
397,electronics-397,electronics,43.89,279
398,clothing-398,clothing,45.26,286
399,books-399,books,46.63,293
400,home-400,home,48.00,300
401,toys-401,toys,49.37,307
402,food-402,food,50.74,314
403,electronics-403,electronics,52.11,321
404,clothing-404,clothing,53.48,328
405,books-405,books,54.85,335
406,home-406,home,56.22,342
407,toys-407,toys,57.59,349
408,food-408,food,58.96,356
409,electronics-409,electronics,60.33,363
410,clothing-410,clothing,61.70,370
411,books-411,books,63.07,377
412,home-412,home,64.44,384
413,toys-413,toys,65.81,391
414,food-414,food,67.18,398
415,electronics-415,electronics,68.55,405
416,clothing-416,clothing,69.92,412
417,books-417,books,71.29,419
418,home-418,home,72.66,426
419,toys-419,toys,74.03,433
420,food-420,food,75.40,440
421,electronics-421,electronics,76.77,447
422,clothing-422,clothing,78.14,454
423,books-423,books,79.51,461
424,home-424,home,80.88,468
425,toys-425,toys,82.25,475
426,food-426,food,83.62,482
427,electronics-427,electronics,84.99,489
428,clothing-428,clothing,86.36,496
429,books-429,books,87.73,3
430,home-430,home,89.10,10
431,toys-431,toys,90.47,17
432,food-432,food,91.84,24
433,electronics-433,electronics,93.21,31
434,clothing-434,clothing,94.58,38
435,books-435,books,95.95,45
436,home-436,home,97.32,52
437,toys-437,toys,98.69,59
438,food-438,food,0.06,66
439,electronics-439,electronics,1.43,73
440,clothing-440,clothing,2.80,80
441,books-441,books,4.17,87
442,home-442,home,5.54,94
443,toys-443,toys,6.91,101
444,food-444,food,8.28,108
445,electronics-445,electronics,9.65,115
446,clothing-446,clothing,11.02,122
447,books-447,books,12.39,129
448,home-448,home,13.76,136
449,toys-449,toys,15.13,143
450,food-450,food,16.50,150
451,electronics-451,electronics,17.87,157
452,clothing-452,clothing,19.24,164
453,books-453,books,20.61,171
454,home-454,home,21.98,178
455,toys-455,toys,23.35,185
456,food-456,food,24.72,192
457,electronics-457,electronics,26.09,199
458,clothing-458,clothing,27.46,206
459,books-459,books,28.83,213
460,home-460,home,30.20,220
461,toys-461,toys,31.57,227
462,food-462,food,32.94,234
463,electronics-463,electronics,34.31,241
464,clothing-464,clothing,35.68,248
465,books-465,books,37.05,255
466,home-466,home,38.42,262
467,toys-467,toys,39.79,269
468,food-468,food,41.16,276
469,electronics-469,electronics,42.53,283
470,clothing-470,clothing,43.90,290
471,books-471,books,45.27,297
472,home-472,home,46.64,304
473,toys-473,toys,48.01,311
474,food-474,food,49.38,318
475,electronics-475,electronics,50.75,325
476,clothing-476,clothing,52.12,332
477,books-477,books,53.49,339
478,home-478,home,54.86,346
479,toys-479,toys,56.23,353
480,food-480,food,57.60,360
481,electronics-481,electronics,58.97,367
482,clothing-482,clothing,60.34,374
483,books-483,books,61.71,381
484,home-484,home,63.08,388
485,toys-485,toys,64.45,395
486,food-486,food,65.82,402
487,electronics-487,electronics,67.19,409
488,clothing-488,clothing,68.56,416
489,books-489,books,69.93,423
490,home-490,home,71.30,430
491,toys-491,toys,72.67,437
492,food-492,food,74.04,444
493,electronics-493,electronics,75.41,451
494,clothing-494,clothing,76.78,458
495,books-495,books,78.15,465
496,home-496,home,79.52,472
497,toys-497,toys,80.89,479
498,food-498,food,82.26,486
499,electronics-499,electronics,83.63,493
500,clothing-500,clothing,85.00,0
501,books-501,books,86.37,7
502,home-502,home,87.74,14
503,toys-503,toys,89.11,21
504,food-504,food,90.48,28
505,electronics-505,electronics,91.85,35
506,clothing-506,clothing,93.22,42
507,books-507,books,94.59,49
508,home-508,home,95.96,56
509,toys-509,toys,97.33,63
510,food-510,food,98.70,70
511,electronics-511,electronics,0.07,77
512,clothing-512,clothing,1.44,84
513,books-513,books,2.81,91
514,home-514,home,4.18,98
515,toys-515,toys,5.55,105
516,food-516,food,6.92,112
517,electronics-517,electronics,8.29,119
518,clothing-518,clothing,9.66,126
519,books-519,books,11.03,133
520,home-520,home,12.40,140
521,toys-521,toys,13.77,147
522,food-522,food,15.14,154
523,electronics-523,electronics,16.51,161
524,clothing-524,clothing,17.88,168
525,books-525,books,19.25,175
526,home-526,home,20.62,182
527,toys-527,toys,21.99,189
528,food-528,food,23.36,196
529,electronics-529,electronics,24.73,203
530,clothing-530,clothing,26.10,210
531,books-531,books,27.47,217
532,home-532,home,28.84,224
533,toys-533,toys,30.21,231
534,food-534,food,31.58,238
535,electronics-535,electronics,32.95,245
536,clothing-536,clothing,34.32,252
537,books-537,books,35.69,259
538,home-538,home,37.06,266
539,toys-539,toys,38.43,273
540,food-540,food,39.80,280
541,electronics-541,electronics,41.17,287
542,clothing-542,clothing,42.54,294
543,books-543,books,43.91,301
544,home-544,home,45.28,308
545,toys-545,toys,46.65,315
546,food-546,food,48.02,322
547,electronics-547,electronics,49.39,329
548,clothing-548,clothing,50.76,336
549,books-549,books,52.13,343
550,home-550,home,53.50,350
551,toys-551,toys,54.87,357
552,food-552,food,56.24,364
553,electronics-553,electronics,57.61,371
554,clothing-554,clothing,58.98,378
555,books-555,books,60.35,385
556,home-556,home,61.72,392
557,toys-557,toys,63.09,399
558,food-558,food,64.46,406
559,electronics-559,electronics,65.83,413
560,clothing-560,clothing,67.20,420
561,books-561,books,68.57,427
562,home-562,home,69.94,434
563,toys-563,toys,71.31,441
564,food-564,food,72.68,448
565,electronics-565,electronics,74.05,455
566,clothing-566,clothing,75.42,462
567,books-567,books,76.79,469
568,home-568,home,78.16,476
569,toys-569,toys,79.53,483
570,food-570,food,80.90,490
571,electronics-571,electronics,82.27,497
572,clothing-572,clothing,83.64,4
573,books-573,books,85.01,11
574,home-574,home,86.38,18
575,toys-575,toys,87.75,25
576,food-576,food,89.12,32
577,electronics-577,electronics,90.49,39
578,clothing-578,clothing,91.86,46
579,books-579,books,93.23,53
580,home-580,home,94.60,60
581,toys-581,toys,95.97,67
582,food-582,food,97.34,74
583,electronics-583,electronics,98.71,81
584,clothing-584,clothing,0.08,88
585,books-585,books,1.45,95
586,home-586,home,2.82,102
587,toys-587,toys,4.19,109
588,food-588,food,5.56,116
589,electronics-589,electronics,6.93,123
590,clothing-590,clothing,8.30,130
591,books-591,books,9.67,137
592,home-592,home,11.04,144
593,toys-593,toys,12.41,151
594,food-594,food,13.78,158
595,electronics-595,electronics,15.15,165
596,clothing-596,clothing,16.52,172
597,books-597,books,17.89,179
598,home-598,home,19.26,186
599,toys-599,toys,20.63,193
600,food-600,food,22.00,200
601,electronics-601,electronics,23.37,207
602,clothing-602,clothing,24.74,214
603,books-603,books,26.11,221
604,home-604,home,27.48,228
605,toys-605,toys,28.85,235
606,food-606,food,30.22,242
607,electronics-607,electronics,31.59,249
608,clothing-608,clothing,32.96,256
609,books-609,books,34.33,263
610,home-610,home,35.70,270
611,toys-611,toys,37.07,277
612,food-612,food,38.44,284
613,electronics-613,electronics,39.81,291
614,clothing-614,clothing,41.18,298
615,books-615,books,42.55,305
616,home-616,home,43.92,312
617,toys-617,toys,45.29,319
618,food-618,food,46.66,326
619,electronics-619,electronics,48.03,333
620,clothing-620,clothing,49.40,340
621,books-621,books,50.77,347
622,home-622,home,52.14,354
623,toys-623,toys,53.51,361
624,food-624,food,54.88,368
625,electronics-625,electronics,56.25,375
626,clothing-626,clothing,57.62,382
627,books-627,books,58.99,389
628,home-628,home,60.36,396
629,toys-629,toys,61.73,403
630,food-630,food,63.10,410
631,electronics-631,electronics,64.47,417
632,clothing-632,clothing,65.84,424
633,books-633,books,67.21,431
634,home-634,home,68.58,438
635,toys-635,toys,69.95,445
636,food-636,food,71.32,452
637,electronics-637,electronics,72.69,459
638,clothing-638,clothing,74.06,466
639,books-639,books,75.43,473
640,home-640,home,76.80,480
641,toys-641,toys,78.17,487
642,food-642,food,79.54,494
643,electronics-643,electronics,80.91,1
644,clothing-644,clothing,82.28,8
645,books-645,books,83.65,15
646,home-646,home,85.02,22
647,toys-647,toys,86.39,29
648,food-648,food,87.76,36
649,electronics-649,electronics,89.13,43
650,clothing-650,clothing,90.50,50
651,books-651,books,91.87,57
652,home-652,home,93.24,64
653,toys-653,toys,94.61,71
654,food-654,food,95.98,78
655,electronics-655,electronics,97.35,85
656,clothing-656,clothing,98.72,92
657,books-657,books,0.09,99
658,home-658,home,1.46,106
659,toys-659,toys,2.83,113
660,food-660,food,4.20,120
661,electronics-661,electronics,5.57,127
662,clothing-662,clothing,6.94,134
663,books-663,books,8.31,141
664,home-664,home,9.68,148
665,toys-665,toys,11.05,155
666,food-666,food,12.42,162
667,electronics-667,electronics,13.79,169
668,clothing-668,clothing,15.16,176
669,books-669,books,16.53,183
670,home-670,home,17.90,190
671,toys-671,toys,19.27,197
672,food-672,food,20.64,204
673,electronics-673,electronics,22.01,211
674,clothing-674,clothing,23.38,218
675,books-675,books,24.75,225
676,home-676,home,26.12,232
677,toys-677,toys,27.49,239
678,food-678,food,28.86,246
679,electronics-679,electronics,30.23,253
680,clothing-680,clothing,31.60,260
681,books-681,books,32.97,267
682,home-682,home,34.34,274
683,toys-683,toys,35.71,281
684,food-684,food,37.08,288
685,electronics-685,electronics,38.45,295
686,clothing-686,clothing,39.82,302
687,books-687,books,41.19,309
688,home-688,home,42.56,316
689,toys-689,toys,43.93,323
690,food-690,food,45.30,330
691,electronics-691,electronics,46.67,337
692,clothing-692,clothing,48.04,344
693,books-693,books,49.41,351
694,home-694,home,50.78,358
695,toys-695,toys,52.15,365
696,food-696,food,53.52,372
697,electronics-697,electronics,54.89,379
698,clothing-698,clothing,56.26,386
699,books-699,books,57.63,393
700,home-700,home,59.00,400
701,toys-701,toys,60.37,407
702,food-702,food,61.74,414
703,electronics-703,electronics,63.11,421
704,clothing-704,clothing,64.48,428
705,books-705,books,65.85,435
706,home-706,home,67.22,442
707,toys-707,toys,68.59,449
708,food-708,food,69.96,456
709,electronics-709,electronics,71.33,463
710,clothing-710,clothing,72.70,470
711,books-711,books,74.07,477
712,home-712,home,75.44,484
713,toys-713,toys,76.81,491
714,food-714,food,78.18,498
715,electronics-715,electronics,79.55,5
716,clothing-716,clothing,80.92,12
717,books-717,books,82.29,19
718,home-718,home,83.66,26
719,toys-719,toys,85.03,33
720,food-720,food,86.40,40
721,electronics-721,electronics,87.77,47
722,clothing-722,clothing,89.14,54
723,books-723,books,90.51,61
724,home-724,home,91.88,68
725,toys-725,toys,93.25,75
726,food-726,food,94.62,82
727,electronics-727,electronics,95.99,89
728,clothing-728,clothing,97.36,96
729,books-729,books,98.73,103
730,home-730,home,0.10,110
731,toys-731,toys,1.47,117
732,food-732,food,2.84,124
733,electronics-733,electronics,4.21,131
734,clothing-734,clothing,5.58,138
735,books-735,books,6.95,145
736,home-736,home,8.32,152
737,toys-737,toys,9.69,159
738,food-738,food,11.06,166
739,electronics-739,electronics,12.43,173
740,clothing-740,clothing,13.80,180
741,books-741,books,15.17,187
742,home-742,home,16.54,194
743,toys-743,toys,17.91,201
744,food-744,food,19.28,208
745,electronics-745,electronics,20.65,215
746,clothing-746,clothing,22.02,222
747,books-747,books,23.39,229
748,home-748,home,24.76,236
749,toys-749,toys,26.13,243
750,food-750,food,27.50,250
751,electronics-751,electronics,28.87,257
752,clothing-752,clothing,30.24,264
753,books-753,books,31.61,271
754,home-754,home,32.98,278
755,toys-755,toys,34.35,285
756,food-756,food,35.72,292
757,electronics-757,electronics,37.09,299
758,clothing-758,clothing,38.46,306
759,books-759,books,39.83,313
760,home-760,home,41.20,320
761,toys-761,toys,42.57,327
762,food-762,food,43.94,334
763,electronics-763,electronics,45.31,341
764,clothing-764,clothing,46.68,348
765,books-765,books,48.05,355
766,home-766,home,49.42,362
767,toys-767,toys,50.79,369
768,food-768,food,52.16,376
769,electronics-769,electronics,53.53,383
770,clothing-770,clothing,54.90,390
771,books-771,books,56.27,397
772,home-772,home,57.64,404
773,toys-773,toys,59.01,411
774,food-774,food,60.38,418
775,electronics-775,electronics,61.75,425
776,clothing-776,clothing,63.12,432
777,books-777,books,64.49,439
778,home-778,home,65.86,446
779,toys-779,toys,67.23,453
780,food-780,food,68.60,460
781,electronics-781,electronics,69.97,467
782,clothing-782,clothing,71.34,474
783,books-783,books,72.71,481
784,home-784,home,74.08,488
785,toys-785,toys,75.45,495
786,food-786,food,76.82,2
787,electronics-787,electronics,78.19,9
788,clothing-788,clothing,79.56,16
789,books-789,books,80.93,23
790,home-790,home,82.30,30
791,toys-791,toys,83.67,37
792,food-792,food,85.04,44
793,electronics-793,electronics,86.41,51
794,clothing-794,clothing,87.78,58
795,books-795,books,89.15,65
796,home-796,home,90.52,72
797,toys-797,toys,91.89,79
798,food-798,food,93.26,86
799,electronics-799,electronics,94.63,93
800,clothing-800,clothing,96.00,100
801,books-801,books,97.37,107
802,home-802,home,98.74,114
803,toys-803,toys,0.11,121
804,food-804,food,1.48,128
805,electronics-805,electronics,2.85,135
806,clothing-806,clothing,4.22,142
807,books-807,books,5.59,149
808,home-808,home,6.96,156
809,toys-809,toys,8.33,163
810,food-810,food,9.70,170
811,electronics-811,electronics,11.07,177
812,clothing-812,clothing,12.44,184
813,books-813,books,13.81,191
814,home-814,home,15.18,198
815,toys-815,toys,16.55,205
816,food-816,food,17.92,212
817,electronics-817,electronics,19.29,219
818,clothing-818,clothing,20.66,226
819,books-819,books,22.03,233
820,home-820,home,23.40,240
821,toys-821,toys,24.77,247
822,food-822,food,26.14,254
823,electronics-823,electronics,27.51,261
824,clothing-824,clothing,28.88,268
825,books-825,books,30.25,275
826,home-826,home,31.62,282
827,toys-827,toys,32.99,289
828,food-828,food,34.36,296
829,electronics-829,electronics,35.73,303
830,clothing-830,clothing,37.10,310
831,books-831,books,38.47,317
832,home-832,home,39.84,324
833,toys-833,toys,41.21,331
834,food-834,food,42.58,338
835,electronics-835,electronics,43.95,345
836,clothing-836,clothing,45.32,352
837,books-837,books,46.69,359
838,home-838,home,48.06,366
839,toys-839,toys,49.43,373
840,food-840,food,50.80,380
841,electronics-841,electronics,52.17,387
842,clothing-842,clothing,53.54,394
843,books-843,books,54.91,401
844,home-844,home,56.28,408
845,toys-845,toys,57.65,415
846,food-846,food,59.02,422
847,electronics-847,electronics,60.39,429
848,clothing-848,clothing,61.76,436
849,books-849,books,63.13,443
850,home-850,home,64.50,450
851,toys-851,toys,65.87,457
852,food-852,food,67.24,464
853,electronics-853,electronics,68.61,471
854,clothing-854,clothing,69.98,478
855,books-855,books,71.35,485
856,home-856,home,72.72,492
857,toys-857,toys,74.09,499
858,food-858,food,75.46,6
859,electronics-859,electronics,76.83,13
860,clothing-860,clothing,78.20,20
861,books-861,books,79.57,27
862,home-862,home,80.94,34
863,toys-863,toys,82.31,41
864,food-864,food,83.68,48
865,electronics-865,electronics,85.05,55
866,clothing-866,clothing,86.42,62
867,books-867,books,87.79,69
868,home-868,home,89.16,76
869,toys-869,toys,90.53,83
870,food-870,food,91.90,90
871,electronics-871,electronics,93.27,97
872,clothing-872,clothing,94.64,104
873,books-873,books,96.01,111
874,home-874,home,97.38,118
875,toys-875,toys,98.75,125
876,food-876,food,0.12,132
877,electronics-877,electronics,1.49,139
878,clothing-878,clothing,2.86,146
879,books-879,books,4.23,153
880,home-880,home,5.60,160
881,toys-881,toys,6.97,167
882,food-882,food,8.34,174
883,electronics-883,electronics,9.71,181
884,clothing-884,clothing,11.08,188
885,books-885,books,12.45,195
886,home-886,home,13.82,202
887,toys-887,toys,15.19,209
888,food-888,food,16.56,216
889,electronics-889,electronics,17.93,223
890,clothing-890,clothing,19.30,230
891,books-891,books,20.67,237
892,home-892,home,22.04,244
893,toys-893,toys,23.41,251
894,food-894,food,24.78,258
895,electronics-895,electronics,26.15,265
896,clothing-896,clothing,27.52,272
897,books-897,books,28.89,279
898,home-898,home,30.26,286
899,toys-899,toys,31.63,293
900,food-900,food,33.00,300
901,electronics-901,electronics,34.37,307
902,clothing-902,clothing,35.74,314
903,books-903,books,37.11,321
904,home-904,home,38.48,328
905,toys-905,toys,39.85,335
906,food-906,food,41.22,342
907,electronics-907,electronics,42.59,349
908,clothing-908,clothing,43.96,356
909,books-909,books,45.33,363
910,home-910,home,46.70,370
911,toys-911,toys,48.07,377
912,food-912,food,49.44,384
913,electronics-913,electronics,50.81,391
914,clothing-914,clothing,52.18,398
915,books-915,books,53.55,405
916,home-916,home,54.92,412
917,toys-917,toys,56.29,419
918,food-918,food,57.66,426
919,electronics-919,electronics,59.03,433
920,clothing-920,clothing,60.40,440
921,books-921,books,61.77,447
922,home-922,home,63.14,454
923,toys-923,toys,64.51,461
924,food-924,food,65.88,468
925,electronics-925,electronics,67.25,475
926,clothing-926,clothing,68.62,482
927,books-927,books,69.99,489
928,home-928,home,71.36,496
929,toys-929,toys,72.73,3
930,food-930,food,74.10,10
931,electronics-931,electronics,75.47,17
932,clothing-932,clothing,76.84,24
933,books-933,books,78.21,31
934,home-934,home,79.58,38
935,toys-935,toys,80.95,45
936,food-936,food,82.32,52
937,electronics-937,electronics,83.69,59
938,clothing-938,clothing,85.06,66
939,books-939,books,86.43,73
940,home-940,home,87.80,80
941,toys-941,toys,89.17,87
942,food-942,food,90.54,94
943,electronics-943,electronics,91.91,101
944,clothing-944,clothing,93.28,108
945,books-945,books,94.65,115
946,home-946,home,96.02,122
947,toys-947,toys,97.39,129
948,food-948,food,98.76,136
949,electronics-949,electronics,0.13,143
950,clothing-950,clothing,1.50,150
951,books-951,books,2.87,157
952,home-952,home,4.24,164
953,toys-953,toys,5.61,171
954,food-954,food,6.98,178
955,electronics-955,electronics,8.35,185
956,clothing-956,clothing,9.72,192
957,books-957,books,11.09,199
958,home-958,home,12.46,206
959,toys-959,toys,13.83,213
960,food-960,food,15.20,220
961,electronics-961,electronics,16.57,227
962,clothing-962,clothing,17.94,234
963,books-963,books,19.31,241
964,home-964,home,20.68,248
965,toys-965,toys,22.05,255
966,food-966,food,23.42,262
967,electronics-967,electronics,24.79,269
968,clothing-968,clothing,26.16,276
969,books-969,books,27.53,283
970,home-970,home,28.90,290
971,toys-971,toys,30.27,297
972,food-972,food,31.64,304
973,electronics-973,electronics,33.01,311
974,clothing-974,clothing,34.38,318
975,books-975,books,35.75,325
976,home-976,home,37.12,332
977,toys-977,toys,38.49,339
978,food-978,food,39.86,346
979,electronics-979,electronics,41.23,353
980,clothing-980,clothing,42.60,360
981,books-981,books,43.97,367
982,home-982,home,45.34,374
983,toys-983,toys,46.71,381
984,food-984,food,48.08,388
985,electronics-985,electronics,49.45,395
986,clothing-986,clothing,50.82,402
987,books-987,books,52.19,409
988,home-988,home,53.56,416
989,toys-989,toys,54.93,423
990,food-990,food,56.30,430
991,electronics-991,electronics,57.67,437
992,clothing-992,clothing,59.04,444
993,books-993,books,60.41,451
994,home-994,home,61.78,458
995,toys-995,toys,63.15,465
996,food-996,food,64.52,472
997,electronics-997,electronics,65.89,479
998,clothing-998,clothing,67.26,486
999,books-999,books,68.63,493
1000,home-1000,home,70.00,0
1001,toys-1001,toys,71.37,7
1002,food-1002,food,72.74,14
1003,electronics-1003,electronics,74.11,21
1004,clothing-1004,clothing,75.48,28
1005,books-1005,books,76.85,35
1006,home-1006,home,78.22,42
1007,toys-1007,toys,79.59,49
1008,food-1008,food,80.96,56
1009,electronics-1009,electronics,82.33,63
1010,clothing-1010,clothing,83.70,70
1011,books-1011,books,85.07,77
1012,home-1012,home,86.44,84
1013,toys-1013,toys,87.81,91
1014,food-1014,food,89.18,98
1015,electronics-1015,electronics,90.55,105
1016,clothing-1016,clothing,91.92,112
1017,books-1017,books,93.29,119
1018,home-1018,home,94.66,126
1019,toys-1019,toys,96.03,133
1020,food-1020,food,97.40,140
1021,electronics-1021,electronics,98.77,147
1022,clothing-1022,clothing,0.14,154
1023,books-1023,books,1.51,161
1024,home-1024,home,2.88,168
1025,toys-1025,toys,4.25,175
1026,food-1026,food,5.62,182
1027,electronics-1027,electronics,6.99,189
1028,clothing-1028,clothing,8.36,196
1029,books-1029,books,9.73,203
1030,home-1030,home,11.10,210
1031,toys-1031,toys,12.47,217
1032,food-1032,food,13.84,224
1033,electronics-1033,electronics,15.21,231
1034,clothing-1034,clothing,16.58,238
1035,books-1035,books,17.95,245
1036,home-1036,home,19.32,252
1037,toys-1037,toys,20.69,259
1038,food-1038,food,22.06,266
1039,electronics-1039,electronics,23.43,273
1040,clothing-1040,clothing,24.80,280
1041,books-1041,books,26.17,287
1042,home-1042,home,27.54,294
1043,toys-1043,toys,28.91,301
1044,food-1044,food,30.28,308
1045,electronics-1045,electronics,31.65,315
1046,clothing-1046,clothing,33.02,322
1047,books-1047,books,34.39,329
1048,home-1048,home,35.76,336
1049,toys-1049,toys,37.13,343
1050,food-1050,food,38.50,350
1051,electronics-1051,electronics,39.87,357
1052,clothing-1052,clothing,41.24,364
1053,books-1053,books,42.61,371
1054,home-1054,home,43.98,378
1055,toys-1055,toys,45.35,385
1056,food-1056,food,46.72,392
1057,electronics-1057,electronics,48.09,399
1058,clothing-1058,clothing,49.46,406
1059,books-1059,books,50.83,413
1060,home-1060,home,52.20,420
1061,toys-1061,toys,53.57,427
1062,food-1062,food,54.94,434
1063,electronics-1063,electronics,56.31,441
1064,clothing-1064,clothing,57.68,448
1065,books-1065,books,59.05,455
1066,home-1066,home,60.42,462
1067,toys-1067,toys,61.79,469
1068,food-1068,food,63.16,476
1069,electronics-1069,electronics,64.53,483
1070,clothing-1070,clothing,65.90,490
1071,books-1071,books,67.27,497
1072,home-1072,home,68.64,4
1073,toys-1073,toys,70.01,11
1074,food-1074,food,71.38,18
1075,electronics-1075,electronics,72.75,25
1076,clothing-1076,clothing,74.12,32
1077,books-1077,books,75.49,39
1078,home-1078,home,76.86,46
1079,toys-1079,toys,78.23,53
1080,food-1080,food,79.60,60
1081,electronics-1081,electronics,80.97,67
1082,clothing-1082,clothing,82.34,74
1083,books-1083,books,83.71,81
1084,home-1084,home,85.08,88
1085,toys-1085,toys,86.45,95
1086,food-1086,food,87.82,102
1087,electronics-1087,electronics,89.19,109
1088,clothing-1088,clothing,90.56,116
1089,books-1089,books,91.93,123
1090,home-1090,home,93.30,130
1091,toys-1091,toys,94.67,137
1092,food-1092,food,96.04,144
1093,electronics-1093,electronics,97.41,151
1094,clothing-1094,clothing,98.78,158
1095,books-1095,books,0.15,165
1096,home-1096,home,1.52,172
1097,toys-1097,toys,2.89,179
1098,food-1098,food,4.26,186
1099,electronics-1099,electronics,5.63,193
1100,clothing-1100,clothing,7.00,200
1101,books-1101,books,8.37,207
1102,home-1102,home,9.74,214
1103,toys-1103,toys,11.11,221
1104,food-1104,food,12.48,228
1105,electronics-1105,electronics,13.85,235
1106,clothing-1106,clothing,15.22,242
1107,books-1107,books,16.59,249
1108,home-1108,home,17.96,256
1109,toys-1109,toys,19.33,263
1110,food-1110,food,20.70,270
1111,electronics-1111,electronics,22.07,277
1112,clothing-1112,clothing,23.44,284
1113,books-1113,books,24.81,291
1114,home-1114,home,26.18,298
1115,toys-1115,toys,27.55,305
1116,food-1116,food,28.92,312
1117,electronics-1117,electronics,30.29,319
1118,clothing-1118,clothing,31.66,326
1119,books-1119,books,33.03,333
1120,home-1120,home,34.40,340
1121,toys-1121,toys,35.77,347
1122,food-1122,food,37.14,354
1123,electronics-1123,electronics,38.51,361
1124,clothing-1124,clothing,39.88,368
1125,books-1125,books,41.25,375
1126,home-1126,home,42.62,382
1127,toys-1127,toys,43.99,389
1128,food-1128,food,45.36,396
1129,electronics-1129,electronics,46.73,403
1130,clothing-1130,clothing,48.10,410
1131,books-1131,books,49.47,417
1132,home-1132,home,50.84,424
1133,toys-1133,toys,52.21,431
1134,food-1134,food,53.58,438
1135,electronics-1135,electronics,54.95,445
1136,clothing-1136,clothing,56.32,452
1137,books-1137,books,57.69,459
1138,home-1138,home,59.06,466
1139,toys-1139,toys,60.43,473
1140,food-1140,food,61.80,480
1141,electronics-1141,electronics,63.17,487
1142,clothing-1142,clothing,64.54,494
1143,books-1143,books,65.91,1
1144,home-1144,home,67.28,8
1145,toys-1145,toys,68.65,15
1146,food-1146,food,70.02,22
1147,electronics-1147,electronics,71.39,29
1148,clothing-1148,clothing,72.76,36
1149,books-1149,books,74.13,43
1150,home-1150,home,75.50,50
1151,toys-1151,toys,76.87,57
1152,food-1152,food,78.24,64
1153,electronics-1153,electronics,79.61,71
1154,clothing-1154,clothing,80.98,78
1155,books-1155,books,82.35,85
1156,home-1156,home,83.72,92
1157,toys-1157,toys,85.09,99
1158,food-1158,food,86.46,106
1159,electronics-1159,electronics,87.83,113
1160,clothing-1160,clothing,89.20,120
1161,books-1161,books,90.57,127
1162,home-1162,home,91.94,134
1163,toys-1163,toys,93.31,141
1164,food-1164,food,94.68,148
1165,electronics-1165,electronics,96.05,155
1166,clothing-1166,clothing,97.42,162
1167,books-1167,books,98.79,169
1168,home-1168,home,0.16,176
1169,toys-1169,toys,1.53,183
1170,food-1170,food,2.90,190
1171,electronics-1171,electronics,4.27,197
1172,clothing-1172,clothing,5.64,204
1173,books-1173,books,7.01,211
1174,home-1174,home,8.38,218
1175,toys-1175,toys,9.75,225
1176,food-1176,food,11.12,232
1177,electronics-1177,electronics,12.49,239
1178,clothing-1178,clothing,13.86,246
1179,books-1179,books,15.23,253
1180,home-1180,home,16.60,260
1181,toys-1181,toys,17.97,267
1182,food-1182,food,19.34,274
1183,electronics-1183,electronics,20.71,281
1184,clothing-1184,clothing,22.08,288
1185,books-1185,books,23.45,295
1186,home-1186,home,24.82,302
1187,toys-1187,toys,26.19,309
1188,food-1188,food,27.56,316
1189,electronics-1189,electronics,28.93,323
1190,clothing-1190,clothing,30.30,330
1191,books-1191,books,31.67,337
1192,home-1192,home,33.04,344
1193,toys-1193,toys,34.41,351
1194,food-1194,food,35.78,358
1195,electronics-1195,electronics,37.15,365
1196,clothing-1196,clothing,38.52,372
1197,books-1197,books,39.89,379
1198,home-1198,home,41.26,386
1199,toys-1199,toys,42.63,393
1200,food-1200,food,44.00,400
1201,electronics-1201,electronics,45.37,407
1202,clothing-1202,clothing,46.74,414
1203,books-1203,books,48.11,421
1204,home-1204,home,49.48,428
1205,toys-1205,toys,50.85,435
1206,food-1206,food,52.22,442
1207,electronics-1207,electronics,53.59,449
1208,clothing-1208,clothing,54.96,456
1209,books-1209,books,56.33,463
1210,home-1210,home,57.70,470
1211,toys-1211,toys,59.07,477
1212,food-1212,food,60.44,484
1213,electronics-1213,electronics,61.81,491
1214,clothing-1214,clothing,63.18,498
1215,books-1215,books,64.55,5
1216,home-1216,home,65.92,12
1217,toys-1217,toys,67.29,19
1218,food-1218,food,68.66,26
1219,electronics-1219,electronics,70.03,33
1220,clothing-1220,clothing,71.40,40
1221,books-1221,books,72.77,47
1222,home-1222,home,74.14,54
1223,toys-1223,toys,75.51,61
1224,food-1224,food,76.88,68
1225,electronics-1225,electronics,78.25,75
1226,clothing-1226,clothing,79.62,82
1227,books-1227,books,80.99,89
1228,home-1228,home,82.36,96
1229,toys-1229,toys,83.73,103
1230,food-1230,food,85.10,110
1231,electronics-1231,electronics,86.47,117
1232,clothing-1232,clothing,87.84,124
1233,books-1233,books,89.21,131
1234,home-1234,home,90.58,138
1235,toys-1235,toys,91.95,145
1236,food-1236,food,93.32,152
1237,electronics-1237,electronics,94.69,159
1238,clothing-1238,clothing,96.06,166
1239,books-1239,books,97.43,173
1240,home-1240,home,98.80,180
1241,toys-1241,toys,0.17,187
1242,food-1242,food,1.54,194
1243,electronics-1243,electronics,2.91,201
1244,clothing-1244,clothing,4.28,208
1245,books-1245,books,5.65,215
1246,home-1246,home,7.02,222
1247,toys-1247,toys,8.39,229
1248,food-1248,food,9.76,236
1249,electronics-1249,electronics,11.13,243
1250,clothing-1250,clothing,12.50,250
1251,books-1251,books,13.87,257
1252,home-1252,home,15.24,264
1253,toys-1253,toys,16.61,271
1254,food-1254,food,17.98,278
1255,electronics-1255,electronics,19.35,285
1256,clothing-1256,clothing,20.72,292
1257,books-1257,books,22.09,299
1258,home-1258,home,23.46,306
1259,toys-1259,toys,24.83,313
1260,food-1260,food,26.20,320
1261,electronics-1261,electronics,27.57,327
1262,clothing-1262,clothing,28.94,334
1263,books-1263,books,30.31,341
1264,home-1264,home,31.68,348
1265,toys-1265,toys,33.05,355
1266,food-1266,food,34.42,362
1267,electronics-1267,electronics,35.79,369
1268,clothing-1268,clothing,37.16,376
1269,books-1269,books,38.53,383
1270,home-1270,home,39.90,390
1271,toys-1271,toys,41.27,397
1272,food-1272,food,42.64,404
1273,electronics-1273,electronics,44.01,411
1274,clothing-1274,clothing,45.38,418
1275,books-1275,books,46.75,425
1276,home-1276,home,48.12,432
1277,toys-1277,toys,49.49,439
1278,food-1278,food,50.86,446
1279,electronics-1279,electronics,52.23,453
1280,clothing-1280,clothing,53.60,460
1281,books-1281,books,54.97,467
1282,home-1282,home,56.34,474
1283,toys-1283,toys,57.71,481
1284,food-1284,food,59.08,488
1285,electronics-1285,electronics,60.45,495
1286,clothing-1286,clothing,61.82,2
1287,books-1287,books,63.19,9
1288,home-1288,home,64.56,16
1289,toys-1289,toys,65.93,23
1290,food-1290,food,67.30,30
1291,electronics-1291,electronics,68.67,37
1292,clothing-1292,clothing,70.04,44
1293,books-1293,books,71.41,51
1294,home-1294,home,72.78,58
1295,toys-1295,toys,74.15,65
1296,food-1296,food,75.52,72
1297,electronics-1297,electronics,76.89,79
1298,clothing-1298,clothing,78.26,86
1299,books-1299,books,79.63,93
1300,home-1300,home,81.00,100
1301,toys-1301,toys,82.37,107
1302,food-1302,food,83.74,114
1303,electronics-1303,electronics,85.11,121
1304,clothing-1304,clothing,86.48,128
1305,books-1305,books,87.85,135
1306,home-1306,home,89.22,142
1307,toys-1307,toys,90.59,149
1308,food-1308,food,91.96,156
1309,electronics-1309,electronics,93.33,163
1310,clothing-1310,clothing,94.70,170
1311,books-1311,books,96.07,177
1312,home-1312,home,97.44,184
1313,toys-1313,toys,98.81,191
1314,food-1314,food,0.18,198
1315,electronics-1315,electronics,1.55,205
1316,clothing-1316,clothing,2.92,212
1317,books-1317,books,4.29,219
1318,home-1318,home,5.66,226
1319,toys-1319,toys,7.03,233
1320,food-1320,food,8.40,240
1321,electronics-1321,electronics,9.77,247
1322,clothing-1322,clothing,11.14,254
1323,books-1323,books,12.51,261
1324,home-1324,home,13.88,268
1325,toys-1325,toys,15.25,275
1326,food-1326,food,16.62,282
1327,electronics-1327,electronics,17.99,289
1328,clothing-1328,clothing,19.36,296
1329,books-1329,books,20.73,303
1330,home-1330,home,22.10,310
1331,toys-1331,toys,23.47,317
1332,food-1332,food,24.84,324
1333,electronics-1333,electronics,26.21,331
1334,clothing-1334,clothing,27.58,338
1335,books-1335,books,28.95,345
1336,home-1336,home,30.32,352
1337,toys-1337,toys,31.69,359
1338,food-1338,food,33.06,366
1339,electronics-1339,electronics,34.43,373
1340,clothing-1340,clothing,35.80,380
1341,books-1341,books,37.17,387
1342,home-1342,home,38.54,394
1343,toys-1343,toys,39.91,401
1344,food-1344,food,41.28,408
1345,electronics-1345,electronics,42.65,415
1346,clothing-1346,clothing,44.02,422
1347,books-1347,books,45.39,429
1348,home-1348,home,46.76,436
1349,toys-1349,toys,48.13,443
1350,food-1350,food,49.50,450
1351,electronics-1351,electronics,50.87,457
1352,clothing-1352,clothing,52.24,464
1353,books-1353,books,53.61,471
1354,home-1354,home,54.98,478
1355,toys-1355,toys,56.35,485
1356,food-1356,food,57.72,492
1357,electronics-1357,electronics,59.09,499
1358,clothing-1358,clothing,60.46,6
1359,books-1359,books,61.83,13
1360,home-1360,home,63.20,20
1361,toys-1361,toys,64.57,27
1362,food-1362,food,65.94,34
1363,electronics-1363,electronics,67.31,41
1364,clothing-1364,clothing,68.68,48
1365,books-1365,books,70.05,55
1366,home-1366,home,71.42,62
1367,toys-1367,toys,72.79,69
1368,food-1368,food,74.16,76
1369,electronics-1369,electronics,75.53,83
1370,clothing-1370,clothing,76.90,90
1371,books-1371,books,78.27,97
1372,home-1372,home,79.64,104
1373,toys-1373,toys,81.01,111
1374,food-1374,food,82.38,118
1375,electronics-1375,electronics,83.75,125
1376,clothing-1376,clothing,85.12,132
1377,books-1377,books,86.49,139
1378,home-1378,home,87.86,146
1379,toys-1379,toys,89.23,153
1380,food-1380,food,90.60,160
1381,electronics-1381,electronics,91.97,167
1382,clothing-1382,clothing,93.34,174
1383,books-1383,books,94.71,181
1384,home-1384,home,96.08,188
1385,toys-1385,toys,97.45,195
1386,food-1386,food,98.82,202
1387,electronics-1387,electronics,0.19,209
1388,clothing-1388,clothing,1.56,216
1389,books-1389,books,2.93,223
1390,home-1390,home,4.30,230
1391,toys-1391,toys,5.67,237
1392,food-1392,food,7.04,244
1393,electronics-1393,electronics,8.41,251
1394,clothing-1394,clothing,9.78,258
1395,books-1395,books,11.15,265
1396,home-1396,home,12.52,272
1397,toys-1397,toys,13.89,279
1398,food-1398,food,15.26,286
1399,electronics-1399,electronics,16.63,293
1400,clothing-1400,clothing,18.00,300
1401,books-1401,books,19.37,307
1402,home-1402,home,20.74,314
1403,toys-1403,toys,22.11,321
1404,food-1404,food,23.48,328
1405,electronics-1405,electronics,24.85,335
1406,clothing-1406,clothing,26.22,342
1407,books-1407,books,27.59,349
1408,home-1408,home,28.96,356
1409,toys-1409,toys,30.33,363
1410,food-1410,food,31.70,370
1411,electronics-1411,electronics,33.07,377
1412,clothing-1412,clothing,34.44,384
1413,books-1413,books,35.81,391
1414,home-1414,home,37.18,398
1415,toys-1415,toys,38.55,405
1416,food-1416,food,39.92,412
1417,electronics-1417,electronics,41.29,419
1418,clothing-1418,clothing,42.66,426
1419,books-1419,books,44.03,433
1420,home-1420,home,45.40,440
1421,toys-1421,toys,46.77,447
1422,food-1422,food,48.14,454
1423,electronics-1423,electronics,49.51,461
1424,clothing-1424,clothing,50.88,468
1425,books-1425,books,52.25,475
1426,home-1426,home,53.62,482
1427,toys-1427,toys,54.99,489
1428,food-1428,food,56.36,496
1429,electronics-1429,electronics,57.73,3
1430,clothing-1430,clothing,59.10,10
1431,books-1431,books,60.47,17
1432,home-1432,home,61.84,24
1433,toys-1433,toys,63.21,31
1434,food-1434,food,64.58,38
1435,electronics-1435,electronics,65.95,45
1436,clothing-1436,clothing,67.32,52
1437,books-1437,books,68.69,59
1438,home-1438,home,70.06,66
1439,toys-1439,toys,71.43,73
1440,food-1440,food,72.80,80
1441,electronics-1441,electronics,74.17,87
1442,clothing-1442,clothing,75.54,94
1443,books-1443,books,76.91,101
1444,home-1444,home,78.28,108
1445,toys-1445,toys,79.65,115
1446,food-1446,food,81.02,122
1447,electronics-1447,electronics,82.39,129
1448,clothing-1448,clothing,83.76,136
1449,books-1449,books,85.13,143
1450,home-1450,home,86.50,150
1451,toys-1451,toys,87.87,157
1452,food-1452,food,89.24,164
1453,electronics-1453,electronics,90.61,171
1454,clothing-1454,clothing,91.98,178
1455,books-1455,books,93.35,185
1456,home-1456,home,94.72,192
1457,toys-1457,toys,96.09,199
1458,food-1458,food,97.46,206
1459,electronics-1459,electronics,98.83,213
1460,clothing-1460,clothing,0.20,220
1461,books-1461,books,1.57,227
1462,home-1462,home,2.94,234
1463,toys-1463,toys,4.31,241
1464,food-1464,food,5.68,248
1465,electronics-1465,electronics,7.05,255
1466,clothing-1466,clothing,8.42,262
1467,books-1467,books,9.79,269
1468,home-1468,home,11.16,276
1469,toys-1469,toys,12.53,283
1470,food-1470,food,13.90,290
1471,electronics-1471,electronics,15.27,297
1472,clothing-1472,clothing,16.64,304
1473,books-1473,books,18.01,311
1474,home-1474,home,19.38,318
1475,toys-1475,toys,20.75,325
1476,food-1476,food,22.12,332
1477,electronics-1477,electronics,23.49,339
1478,clothing-1478,clothing,24.86,346
1479,books-1479,books,26.23,353
1480,home-1480,home,27.60,360
1481,toys-1481,toys,28.97,367
1482,food-1482,food,30.34,374
1483,electronics-1483,electronics,31.71,381
1484,clothing-1484,clothing,33.08,388
1485,books-1485,books,34.45,395
1486,home-1486,home,35.82,402
1487,toys-1487,toys,37.19,409
1488,food-1488,food,38.56,416
1489,electronics-1489,electronics,39.93,423
1490,clothing-1490,clothing,41.30,430
1491,books-1491,books,42.67,437
1492,home-1492,home,44.04,444
1493,toys-1493,toys,45.41,451
1494,food-1494,food,46.78,458
1495,electronics-1495,electronics,48.15,465
1496,clothing-1496,clothing,49.52,472
1497,books-1497,books,50.89,479
1498,home-1498,home,52.26,486
1499,toys-1499,toys,53.63,493
1500,food-1500,food,55.00,0
1501,electronics-1501,electronics,56.37,7
1502,clothing-1502,clothing,57.74,14
1503,books-1503,books,59.11,21
1504,home-1504,home,60.48,28
1505,toys-1505,toys,61.85,35
1506,food-1506,food,63.22,42
1507,electronics-1507,electronics,64.59,49
1508,clothing-1508,clothing,65.96,56
1509,books-1509,books,67.33,63
1510,home-1510,home,68.70,70
1511,toys-1511,toys,70.07,77
1512,food-1512,food,71.44,84
1513,electronics-1513,electronics,72.81,91
1514,clothing-1514,clothing,74.18,98
1515,books-1515,books,75.55,105
1516,home-1516,home,76.92,112
1517,toys-1517,toys,78.29,119
1518,food-1518,food,79.66,126
1519,electronics-1519,electronics,81.03,133
1520,clothing-1520,clothing,82.40,140
1521,books-1521,books,83.77,147
1522,home-1522,home,85.14,154
1523,toys-1523,toys,86.51,161
1524,food-1524,food,87.88,168
1525,electronics-1525,electronics,89.25,175
1526,clothing-1526,clothing,90.62,182
1527,books-1527,books,91.99,189
1528,home-1528,home,93.36,196
1529,toys-1529,toys,94.73,203
1530,food-1530,food,96.10,210
1531,electronics-1531,electronics,97.47,217
1532,clothing-1532,clothing,98.84,224
1533,books-1533,books,0.21,231
1534,home-1534,home,1.58,238
1535,toys-1535,toys,2.95,245
1536,food-1536,food,4.32,252
1537,electronics-1537,electronics,5.69,259
1538,clothing-1538,clothing,7.06,266
1539,books-1539,books,8.43,273
1540,home-1540,home,9.80,280
1541,toys-1541,toys,11.17,287
1542,food-1542,food,12.54,294
1543,electronics-1543,electronics,13.91,301
1544,clothing-1544,clothing,15.28,308
1545,books-1545,books,16.65,315
1546,home-1546,home,18.02,322
1547,toys-1547,toys,19.39,329
1548,food-1548,food,20.76,336
1549,electronics-1549,electronics,22.13,343
1550,clothing-1550,clothing,23.50,350
1551,books-1551,books,24.87,357
1552,home-1552,home,26.24,364
1553,toys-1553,toys,27.61,371
1554,food-1554,food,28.98,378
1555,electronics-1555,electronics,30.35,385
1556,clothing-1556,clothing,31.72,392
1557,books-1557,books,33.09,399
1558,home-1558,home,34.46,406
1559,toys-1559,toys,35.83,413
1560,food-1560,food,37.20,420
1561,electronics-1561,electronics,38.57,427
1562,clothing-1562,clothing,39.94,434
1563,books-1563,books,41.31,441
1564,home-1564,home,42.68,448
1565,toys-1565,toys,44.05,455
1566,food-1566,food,45.42,462
1567,electronics-1567,electronics,46.79,469
1568,clothing-1568,clothing,48.16,476
1569,books-1569,books,49.53,483
1570,home-1570,home,50.90,490
1571,toys-1571,toys,52.27,497
1572,food-1572,food,53.64,4
1573,electronics-1573,electronics,55.01,11
1574,clothing-1574,clothing,56.38,18
1575,books-1575,books,57.75,25
1576,home-1576,home,59.12,32
1577,toys-1577,toys,60.49,39
1578,food-1578,food,61.86,46
1579,electronics-1579,electronics,63.23,53
1580,clothing-1580,clothing,64.60,60
1581,books-1581,books,65.97,67
1582,home-1582,home,67.34,74
1583,toys-1583,toys,68.71,81
1584,food-1584,food,70.08,88
1585,electronics-1585,electronics,71.45,95
1586,clothing-1586,clothing,72.82,102
1587,books-1587,books,74.19,109
1588,home-1588,home,75.56,116
1589,toys-1589,toys,76.93,123
1590,food-1590,food,78.30,130
1591,electronics-1591,electronics,79.67,137
1592,clothing-1592,clothing,81.04,144
1593,books-1593,books,82.41,151
1594,home-1594,home,83.78,158
1595,toys-1595,toys,85.15,165
1596,food-1596,food,86.52,172
1597,electronics-1597,electronics,87.89,179
1598,clothing-1598,clothing,89.26,186
1599,books-1599,books,90.63,193
1600,home-1600,home,92.00,200
1601,toys-1601,toys,93.37,207
1602,food-1602,food,94.74,214
1603,electronics-1603,electronics,96.11,221
1604,clothing-1604,clothing,97.48,228
1605,books-1605,books,98.85,235
1606,home-1606,home,0.22,242
1607,toys-1607,toys,1.59,249
1608,food-1608,food,2.96,256
1609,electronics-1609,electronics,4.33,263
1610,clothing-1610,clothing,5.70,270
1611,books-1611,books,7.07,277
1612,home-1612,home,8.44,284
1613,toys-1613,toys,9.81,291
1614,food-1614,food,11.18,298
1615,electronics-1615,electronics,12.55,305
1616,clothing-1616,clothing,13.92,312
1617,books-1617,books,15.29,319
1618,home-1618,home,16.66,326
1619,toys-1619,toys,18.03,333
1620,food-1620,food,19.40,340
1621,electronics-1621,electronics,20.77,347
1622,clothing-1622,clothing,22.14,354
1623,books-1623,books,23.51,361
1624,home-1624,home,24.88,368
1625,toys-1625,toys,26.25,375
1626,food-1626,food,27.62,382
1627,electronics-1627,electronics,28.99,389
1628,clothing-1628,clothing,30.36,396
1629,books-1629,books,31.73,403
1630,home-1630,home,33.10,410
1631,toys-1631,toys,34.47,417
1632,food-1632,food,35.84,424
1633,electronics-1633,electronics,37.21,431
1634,clothing-1634,clothing,38.58,438
1635,books-1635,books,39.95,445
1636,home-1636,home,41.32,452
1637,toys-1637,toys,42.69,459
1638,food-1638,food,44.06,466
1639,electronics-1639,electronics,45.43,473
1640,clothing-1640,clothing,46.80,480
1641,books-1641,books,48.17,487
1642,home-1642,home,49.54,494
1643,toys-1643,toys,50.91,1
1644,food-1644,food,52.28,8
1645,electronics-1645,electronics,53.65,15
1646,clothing-1646,clothing,55.02,22
1647,books-1647,books,56.39,29
1648,home-1648,home,57.76,36
1649,toys-1649,toys,59.13,43
1650,food-1650,food,60.50,50
1651,electronics-1651,electronics,61.87,57
1652,clothing-1652,clothing,63.24,64
1653,books-1653,books,64.61,71
1654,home-1654,home,65.98,78
1655,toys-1655,toys,67.35,85
1656,food-1656,food,68.72,92
1657,electronics-1657,electronics,70.09,99
1658,clothing-1658,clothing,71.46,106
1659,books-1659,books,72.83,113
1660,home-1660,home,74.20,120
1661,toys-1661,toys,75.57,127
1662,food-1662,food,76.94,134
1663,electronics-1663,electronics,78.31,141
1664,clothing-1664,clothing,79.68,148
1665,books-1665,books,81.05,155
1666,home-1666,home,82.42,162
1667,toys-1667,toys,83.79,169
1668,food-1668,food,85.16,176
1669,electronics-1669,electronics,86.53,183
1670,clothing-1670,clothing,87.90,190
1671,books-1671,books,89.27,197
1672,home-1672,home,90.64,204
1673,toys-1673,toys,92.01,211
1674,food-1674,food,93.38,218
1675,electronics-1675,electronics,94.75,225
1676,clothing-1676,clothing,96.12,232
1677,books-1677,books,97.49,239
1678,home-1678,home,98.86,246
1679,toys-1679,toys,0.23,253
1680,food-1680,food,1.60,260
1681,electronics-1681,electronics,2.97,267
1682,clothing-1682,clothing,4.34,274
1683,books-1683,books,5.71,281
1684,home-1684,home,7.08,288
1685,toys-1685,toys,8.45,295
1686,food-1686,food,9.82,302
1687,electronics-1687,electronics,11.19,309
1688,clothing-1688,clothing,12.56,316
1689,books-1689,books,13.93,323
1690,home-1690,home,15.30,330
1691,toys-1691,toys,16.67,337
1692,food-1692,food,18.04,344
1693,electronics-1693,electronics,19.41,351
1694,clothing-1694,clothing,20.78,358
1695,books-1695,books,22.15,365
1696,home-1696,home,23.52,372
1697,toys-1697,toys,24.89,379
1698,food-1698,food,26.26,386
1699,electronics-1699,electronics,27.63,393
1700,clothing-1700,clothing,29.00,400
1701,books-1701,books,30.37,407
1702,home-1702,home,31.74,414
1703,toys-1703,toys,33.11,421
1704,food-1704,food,34.48,428
1705,electronics-1705,electronics,35.85,435
1706,clothing-1706,clothing,37.22,442
1707,books-1707,books,38.59,449
1708,home-1708,home,39.96,456
1709,toys-1709,toys,41.33,463
1710,food-1710,food,42.70,470
1711,electronics-1711,electronics,44.07,477
1712,clothing-1712,clothing,45.44,484
1713,books-1713,books,46.81,491
1714,home-1714,home,48.18,498
1715,toys-1715,toys,49.55,5
1716,food-1716,food,50.92,12
1717,electronics-1717,electronics,52.29,19
1718,clothing-1718,clothing,53.66,26
1719,books-1719,books,55.03,33
1720,home-1720,home,56.40,40
1721,toys-1721,toys,57.77,47
1722,food-1722,food,59.14,54
1723,electronics-1723,electronics,60.51,61
1724,clothing-1724,clothing,61.88,68
1725,books-1725,books,63.25,75
1726,home-1726,home,64.62,82
1727,toys-1727,toys,65.99,89
1728,food-1728,food,67.36,96
1729,electronics-1729,electronics,68.73,103
1730,clothing-1730,clothing,70.10,110
1731,books-1731,books,71.47,117
1732,home-1732,home,72.84,124
1733,toys-1733,toys,74.21,131
1734,food-1734,food,75.58,138
1735,electronics-1735,electronics,76.95,145
1736,clothing-1736,clothing,78.32,152
1737,books-1737,books,79.69,159
1738,home-1738,home,81.06,166
1739,toys-1739,toys,82.43,173
1740,food-1740,food,83.80,180
1741,electronics-1741,electronics,85.17,187
1742,clothing-1742,clothing,86.54,194
1743,books-1743,books,87.91,201
1744,home-1744,home,89.28,208
1745,toys-1745,toys,90.65,215
1746,food-1746,food,92.02,222
1747,electronics-1747,electronics,93.39,229
1748,clothing-1748,clothing,94.76,236
1749,books-1749,books,96.13,243
1750,home-1750,home,97.50,250
1751,toys-1751,toys,98.87,257
1752,food-1752,food,0.24,264
1753,electronics-1753,electronics,1.61,271
1754,clothing-1754,clothing,2.98,278
1755,books-1755,books,4.35,285
1756,home-1756,home,5.72,292
1757,toys-1757,toys,7.09,299
1758,food-1758,food,8.46,306
1759,electronics-1759,electronics,9.83,313
1760,clothing-1760,clothing,11.20,320
1761,books-1761,books,12.57,327
1762,home-1762,home,13.94,334
1763,toys-1763,toys,15.31,341
1764,food-1764,food,16.68,348
1765,electronics-1765,electronics,18.05,355
1766,clothing-1766,clothing,19.42,362
1767,books-1767,books,20.79,369
1768,home-1768,home,22.16,376
1769,toys-1769,toys,23.53,383
1770,food-1770,food,24.90,390
1771,electronics-1771,electronics,26.27,397
1772,clothing-1772,clothing,27.64,404
1773,books-1773,books,29.01,411
1774,home-1774,home,30.38,418
1775,toys-1775,toys,31.75,425
1776,food-1776,food,33.12,432
1777,electronics-1777,electronics,34.49,439
1778,clothing-1778,clothing,35.86,446
1779,books-1779,books,37.23,453
1780,home-1780,home,38.60,460
1781,toys-1781,toys,39.97,467
1782,food-1782,food,41.34,474
1783,electronics-1783,electronics,42.71,481
1784,clothing-1784,clothing,44.08,488
1785,books-1785,books,45.45,495
1786,home-1786,home,46.82,2
1787,toys-1787,toys,48.19,9
1788,food-1788,food,49.56,16
1789,electronics-1789,electronics,50.93,23
1790,clothing-1790,clothing,52.30,30
1791,books-1791,books,53.67,37
1792,home-1792,home,55.04,44
1793,toys-1793,toys,56.41,51
1794,food-1794,food,57.78,58
1795,electronics-1795,electronics,59.15,65
1796,clothing-1796,clothing,60.52,72
1797,books-1797,books,61.89,79
1798,home-1798,home,63.26,86
1799,toys-1799,toys,64.63,93
1800,food-1800,food,66.00,100
1801,electronics-1801,electronics,67.37,107
1802,clothing-1802,clothing,68.74,114
1803,books-1803,books,70.11,121
1804,home-1804,home,71.48,128
1805,toys-1805,toys,72.85,135
1806,food-1806,food,74.22,142
1807,electronics-1807,electronics,75.59,149
1808,clothing-1808,clothing,76.96,156
1809,books-1809,books,78.33,163
1810,home-1810,home,79.70,170
1811,toys-1811,toys,81.07,177
1812,food-1812,food,82.44,184
1813,electronics-1813,electronics,83.81,191
1814,clothing-1814,clothing,85.18,198
1815,books-1815,books,86.55,205
1816,home-1816,home,87.92,212
1817,toys-1817,toys,89.29,219
1818,food-1818,food,90.66,226
1819,electronics-1819,electronics,92.03,233
1820,clothing-1820,clothing,93.40,240
1821,books-1821,books,94.77,247
1822,home-1822,home,96.14,254
1823,toys-1823,toys,97.51,261
1824,food-1824,food,98.88,268
1825,electronics-1825,electronics,0.25,275
1826,clothing-1826,clothing,1.62,282
1827,books-1827,books,2.99,289
1828,home-1828,home,4.36,296
1829,toys-1829,toys,5.73,303
1830,food-1830,food,7.10,310
1831,electronics-1831,electronics,8.47,317
1832,clothing-1832,clothing,9.84,324
1833,books-1833,books,11.21,331
1834,home-1834,home,12.58,338
1835,toys-1835,toys,13.95,345
1836,food-1836,food,15.32,352
1837,electronics-1837,electronics,16.69,359
1838,clothing-1838,clothing,18.06,366
1839,books-1839,books,19.43,373
1840,home-1840,home,20.80,380
1841,toys-1841,toys,22.17,387
1842,food-1842,food,23.54,394
1843,electronics-1843,electronics,24.91,401
1844,clothing-1844,clothing,26.28,408
1845,books-1845,books,27.65,415
1846,home-1846,home,29.02,422
1847,toys-1847,toys,30.39,429
1848,food-1848,food,31.76,436
1849,electronics-1849,electronics,33.13,443
1850,clothing-1850,clothing,34.50,450
1851,books-1851,books,35.87,457
1852,home-1852,home,37.24,464
1853,toys-1853,toys,38.61,471
1854,food-1854,food,39.98,478
1855,electronics-1855,electronics,41.35,485
1856,clothing-1856,clothing,42.72,492
1857,books-1857,books,44.09,499
1858,home-1858,home,45.46,6
1859,toys-1859,toys,46.83,13
1860,food-1860,food,48.20,20
1861,electronics-1861,electronics,49.57,27
1862,clothing-1862,clothing,50.94,34
1863,books-1863,books,52.31,41
1864,home-1864,home,53.68,48
1865,toys-1865,toys,55.05,55
1866,food-1866,food,56.42,62
1867,electronics-1867,electronics,57.79,69
1868,clothing-1868,clothing,59.16,76
1869,books-1869,books,60.53,83
1870,home-1870,home,61.90,90
1871,toys-1871,toys,63.27,97
1872,food-1872,food,64.64,104
1873,electronics-1873,electronics,66.01,111
1874,clothing-1874,clothing,67.38,118
1875,books-1875,books,68.75,125
1876,home-1876,home,70.12,132
1877,toys-1877,toys,71.49,139
1878,food-1878,food,72.86,146
1879,electronics-1879,electronics,74.23,153
1880,clothing-1880,clothing,75.60,160
1881,books-1881,books,76.97,167
1882,home-1882,home,78.34,174
1883,toys-1883,toys,79.71,181
1884,food-1884,food,81.08,188
1885,electronics-1885,electronics,82.45,195
1886,clothing-1886,clothing,83.82,202
1887,books-1887,books,85.19,209
1888,home-1888,home,86.56,216
1889,toys-1889,toys,87.93,223
1890,food-1890,food,89.30,230
1891,electronics-1891,electronics,90.67,237
1892,clothing-1892,clothing,92.04,244
1893,books-1893,books,93.41,251
1894,home-1894,home,94.78,258
1895,toys-1895,toys,96.15,265
1896,food-1896,food,97.52,272
1897,electronics-1897,electronics,98.89,279
1898,clothing-1898,clothing,0.26,286
1899,books-1899,books,1.63,293
1900,home-1900,home,3.00,300
1901,toys-1901,toys,4.37,307
1902,food-1902,food,5.74,314
1903,electronics-1903,electronics,7.11,321
1904,clothing-1904,clothing,8.48,328
1905,books-1905,books,9.85,335
1906,home-1906,home,11.22,342
1907,toys-1907,toys,12.59,349
1908,food-1908,food,13.96,356
1909,electronics-1909,electronics,15.33,363
1910,clothing-1910,clothing,16.70,370
1911,books-1911,books,18.07,377
1912,home-1912,home,19.44,384
1913,toys-1913,toys,20.81,391
1914,food-1914,food,22.18,398
1915,electronics-1915,electronics,23.55,405
1916,clothing-1916,clothing,24.92,412
1917,books-1917,books,26.29,419
1918,home-1918,home,27.66,426
1919,toys-1919,toys,29.03,433
1920,food-1920,food,30.40,440
1921,electronics-1921,electronics,31.77,447
1922,clothing-1922,clothing,33.14,454
1923,books-1923,books,34.51,461
1924,home-1924,home,35.88,468
1925,toys-1925,toys,37.25,475
1926,food-1926,food,38.62,482
1927,electronics-1927,electronics,39.99,489
1928,clothing-1928,clothing,41.36,496
1929,books-1929,books,42.73,3
1930,home-1930,home,44.10,10
1931,toys-1931,toys,45.47,17
1932,food-1932,food,46.84,24
1933,electronics-1933,electronics,48.21,31
1934,clothing-1934,clothing,49.58,38
1935,books-1935,books,50.95,45
1936,home-1936,home,52.32,52
1937,toys-1937,toys,53.69,59
1938,food-1938,food,55.06,66
1939,electronics-1939,electronics,56.43,73
1940,clothing-1940,clothing,57.80,80
1941,books-1941,books,59.17,87
1942,home-1942,home,60.54,94
1943,toys-1943,toys,61.91,101
1944,food-1944,food,63.28,108
1945,electronics-1945,electronics,64.65,115
1946,clothing-1946,clothing,66.02,122
1947,books-1947,books,67.39,129
1948,home-1948,home,68.76,136
1949,toys-1949,toys,70.13,143
1950,food-1950,food,71.50,150
1951,electronics-1951,electronics,72.87,157
1952,clothing-1952,clothing,74.24,164
1953,books-1953,books,75.61,171
1954,home-1954,home,76.98,178
1955,toys-1955,toys,78.35,185
1956,food-1956,food,79.72,192
1957,electronics-1957,electronics,81.09,199
1958,clothing-1958,clothing,82.46,206
1959,books-1959,books,83.83,213
1960,home-1960,home,85.20,220
1961,toys-1961,toys,86.57,227
1962,food-1962,food,87.94,234
1963,electronics-1963,electronics,89.31,241
1964,clothing-1964,clothing,90.68,248
1965,books-1965,books,92.05,255
1966,home-1966,home,93.42,262
1967,toys-1967,toys,94.79,269
1968,food-1968,food,96.16,276
1969,electronics-1969,electronics,97.53,283
1970,clothing-1970,clothing,98.90,290
1971,books-1971,books,0.27,297
1972,home-1972,home,1.64,304
1973,toys-1973,toys,3.01,311
1974,food-1974,food,4.38,318
1975,electronics-1975,electronics,5.75,325
1976,clothing-1976,clothing,7.12,332
1977,books-1977,books,8.49,339
1978,home-1978,home,9.86,346
1979,toys-1979,toys,11.23,353
1980,food-1980,food,12.60,360
1981,electronics-1981,electronics,13.97,367
1982,clothing-1982,clothing,15.34,374
1983,books-1983,books,16.71,381
1984,home-1984,home,18.08,388
1985,toys-1985,toys,19.45,395
1986,food-1986,food,20.82,402
1987,electronics-1987,electronics,22.19,409
1988,clothing-1988,clothing,23.56,416
1989,books-1989,books,24.93,423
1990,home-1990,home,26.30,430
1991,toys-1991,toys,27.67,437
1992,food-1992,food,29.04,444
1993,electronics-1993,electronics,30.41,451
1994,clothing-1994,clothing,31.78,458
1995,books-1995,books,33.15,465
1996,home-1996,home,34.52,472
1997,toys-1997,toys,35.89,479
1998,food-1998,food,37.26,486
1999,electronics-1999,electronics,38.63,493
2000,clothing-2000,clothing,40.00,0
2001,books-2001,books,41.37,7
2002,home-2002,home,42.74,14
2003,toys-2003,toys,44.11,21
2004,food-2004,food,45.48,28
2005,electronics-2005,electronics,46.85,35
2006,clothing-2006,clothing,48.22,42
2007,books-2007,books,49.59,49
2008,home-2008,home,50.96,56
2009,toys-2009,toys,52.33,63
2010,food-2010,food,53.70,70
2011,electronics-2011,electronics,55.07,77
2012,clothing-2012,clothing,56.44,84
2013,books-2013,books,57.81,91
2014,home-2014,home,59.18,98
2015,toys-2015,toys,60.55,105
2016,food-2016,food,61.92,112
2017,electronics-2017,electronics,63.29,119
2018,clothing-2018,clothing,64.66,126
2019,books-2019,books,66.03,133
2020,home-2020,home,67.40,140
2021,toys-2021,toys,68.77,147
2022,food-2022,food,70.14,154
2023,electronics-2023,electronics,71.51,161
2024,clothing-2024,clothing,72.88,168
2025,books-2025,books,74.25,175
2026,home-2026,home,75.62,182
2027,toys-2027,toys,76.99,189
2028,food-2028,food,78.36,196
2029,electronics-2029,electronics,79.73,203
2030,clothing-2030,clothing,81.10,210
2031,books-2031,books,82.47,217
2032,home-2032,home,83.84,224
2033,toys-2033,toys,85.21,231
2034,food-2034,food,86.58,238
2035,electronics-2035,electronics,87.95,245
2036,clothing-2036,clothing,89.32,252
2037,books-2037,books,90.69,259
2038,home-2038,home,92.06,266
2039,toys-2039,toys,93.43,273
2040,food-2040,food,94.80,280
2041,electronics-2041,electronics,96.17,287
2042,clothing-2042,clothing,97.54,294
2043,books-2043,books,98.91,301
2044,home-2044,home,0.28,308
2045,toys-2045,toys,1.65,315
2046,food-2046,food,3.02,322
2047,electronics-2047,electronics,4.39,329
2048,clothing-2048,clothing,5.76,336
2049,books-2049,books,7.13,343
2050,home-2050,home,8.50,350
2051,toys-2051,toys,9.87,357
2052,food-2052,food,11.24,364
2053,electronics-2053,electronics,12.61,371
2054,clothing-2054,clothing,13.98,378
2055,books-2055,books,15.35,385
2056,home-2056,home,16.72,392
2057,toys-2057,toys,18.09,399
2058,food-2058,food,19.46,406
2059,electronics-2059,electronics,20.83,413
2060,clothing-2060,clothing,22.20,420
2061,books-2061,books,23.57,427
2062,home-2062,home,24.94,434
2063,toys-2063,toys,26.31,441
2064,food-2064,food,27.68,448
2065,electronics-2065,electronics,29.05,455
2066,clothing-2066,clothing,30.42,462
2067,books-2067,books,31.79,469
2068,home-2068,home,33.16,476
2069,toys-2069,toys,34.53,483
2070,food-2070,food,35.90,490
2071,electronics-2071,electronics,37.27,497
2072,clothing-2072,clothing,38.64,4
2073,books-2073,books,40.01,11
2074,home-2074,home,41.38,18
2075,toys-2075,toys,42.75,25
2076,food-2076,food,44.12,32
2077,electronics-2077,electronics,45.49,39
2078,clothing-2078,clothing,46.86,46
2079,books-2079,books,48.23,53
2080,home-2080,home,49.60,60
2081,toys-2081,toys,50.97,67
2082,food-2082,food,52.34,74
2083,electronics-2083,electronics,53.71,81
2084,clothing-2084,clothing,55.08,88
2085,books-2085,books,56.45,95
2086,home-2086,home,57.82,102
2087,toys-2087,toys,59.19,109
2088,food-2088,food,60.56,116
2089,electronics-2089,electronics,61.93,123
2090,clothing-2090,clothing,63.30,130
2091,books-2091,books,64.67,137
2092,home-2092,home,66.04,144
2093,toys-2093,toys,67.41,151
2094,food-2094,food,68.78,158
2095,electronics-2095,electronics,70.15,165
2096,clothing-2096,clothing,71.52,172
2097,books-2097,books,72.89,179
2098,home-2098,home,74.26,186
2099,toys-2099,toys,75.63,193
2100,food-2100,food,77.00,200
2101,electronics-2101,electronics,78.37,207
2102,clothing-2102,clothing,79.74,214
2103,books-2103,books,81.11,221
2104,home-2104,home,82.48,228
2105,toys-2105,toys,83.85,235
2106,food-2106,food,85.22,242
2107,electronics-2107,electronics,86.59,249
2108,clothing-2108,clothing,87.96,256
2109,books-2109,books,89.33,263
2110,home-2110,home,90.70,270
2111,toys-2111,toys,92.07,277
2112,food-2112,food,93.44,284
2113,electronics-2113,electronics,94.81,291
2114,clothing-2114,clothing,96.18,298
2115,books-2115,books,97.55,305
2116,home-2116,home,98.92,312
2117,toys-2117,toys,0.29,319
2118,food-2118,food,1.66,326
2119,electronics-2119,electronics,3.03,333
2120,clothing-2120,clothing,4.40,340
2121,books-2121,books,5.77,347
2122,home-2122,home,7.14,354
2123,toys-2123,toys,8.51,361
2124,food-2124,food,9.88,368
2125,electronics-2125,electronics,11.25,375
2126,clothing-2126,clothing,12.62,382
2127,books-2127,books,13.99,389
2128,home-2128,home,15.36,396
2129,toys-2129,toys,16.73,403
2130,food-2130,food,18.10,410
2131,electronics-2131,electronics,19.47,417
2132,clothing-2132,clothing,20.84,424
2133,books-2133,books,22.21,431
2134,home-2134,home,23.58,438
2135,toys-2135,toys,24.95,445
2136,food-2136,food,26.32,452
2137,electronics-2137,electronics,27.69,459
2138,clothing-2138,clothing,29.06,466
2139,books-2139,books,30.43,473
2140,home-2140,home,31.80,480
2141,toys-2141,toys,33.17,487
2142,food-2142,food,34.54,494
2143,electronics-2143,electronics,35.91,1
2144,clothing-2144,clothing,37.28,8
2145,books-2145,books,38.65,15
2146,home-2146,home,40.02,22
2147,toys-2147,toys,41.39,29
2148,food-2148,food,42.76,36
2149,electronics-2149,electronics,44.13,43
2150,clothing-2150,clothing,45.50,50
2151,books-2151,books,46.87,57
2152,home-2152,home,48.24,64
2153,toys-2153,toys,49.61,71
2154,food-2154,food,50.98,78
2155,electronics-2155,electronics,52.35,85
2156,clothing-2156,clothing,53.72,92
2157,books-2157,books,55.09,99
2158,home-2158,home,56.46,106
2159,toys-2159,toys,57.83,113
2160,food-2160,food,59.20,120
2161,electronics-2161,electronics,60.57,127
2162,clothing-2162,clothing,61.94,134
2163,books-2163,books,63.31,141
2164,home-2164,home,64.68,148
2165,toys-2165,toys,66.05,155
2166,food-2166,food,67.42,162
2167,electronics-2167,electronics,68.79,169
2168,clothing-2168,clothing,70.16,176
2169,books-2169,books,71.53,183
2170,home-2170,home,72.90,190
2171,toys-2171,toys,74.27,197
2172,food-2172,food,75.64,204
2173,electronics-2173,electronics,77.01,211
2174,clothing-2174,clothing,78.38,218
2175,books-2175,books,79.75,225
2176,home-2176,home,81.12,232
2177,toys-2177,toys,82.49,239
2178,food-2178,food,83.86,246
2179,electronics-2179,electronics,85.23,253
2180,clothing-2180,clothing,86.60,260
2181,books-2181,books,87.97,267
2182,home-2182,home,89.34,274
2183,toys-2183,toys,90.71,281
2184,food-2184,food,92.08,288
2185,electronics-2185,electronics,93.45,295
2186,clothing-2186,clothing,94.82,302
2187,books-2187,books,96.19,309
2188,home-2188,home,97.56,316
2189,toys-2189,toys,98.93,323
2190,food-2190,food,0.30,330
2191,electronics-2191,electronics,1.67,337
2192,clothing-2192,clothing,3.04,344
2193,books-2193,books,4.41,351
2194,home-2194,home,5.78,358
2195,toys-2195,toys,7.15,365
2196,food-2196,food,8.52,372
2197,electronics-2197,electronics,9.89,379
2198,clothing-2198,clothing,11.26,386
2199,books-2199,books,12.63,393
2200,home-2200,home,14.00,400
2201,toys-2201,toys,15.37,407
2202,food-2202,food,16.74,414
2203,electronics-2203,electronics,18.11,421
2204,clothing-2204,clothing,19.48,428
2205,books-2205,books,20.85,435
2206,home-2206,home,22.22,442
2207,toys-2207,toys,23.59,449
2208,food-2208,food,24.96,456
2209,electronics-2209,electronics,26.33,463
2210,clothing-2210,clothing,27.70,470
2211,books-2211,books,29.07,477
2212,home-2212,home,30.44,484
2213,toys-2213,toys,31.81,491
2214,food-2214,food,33.18,498
2215,electronics-2215,electronics,34.55,5
2216,clothing-2216,clothing,35.92,12
2217,books-2217,books,37.29,19
2218,home-2218,home,38.66,26
2219,toys-2219,toys,40.03,33
2220,food-2220,food,41.40,40
2221,electronics-2221,electronics,42.77,47
2222,clothing-2222,clothing,44.14,54
2223,books-2223,books,45.51,61
2224,home-2224,home,46.88,68
2225,toys-2225,toys,48.25,75
2226,food-2226,food,49.62,82
2227,electronics-2227,electronics,50.99,89
2228,clothing-2228,clothing,52.36,96
2229,books-2229,books,53.73,103
2230,home-2230,home,55.10,110
2231,toys-2231,toys,56.47,117
2232,food-2232,food,57.84,124
2233,electronics-2233,electronics,59.21,131
2234,clothing-2234,clothing,60.58,138
2235,books-2235,books,61.95,145
2236,home-2236,home,63.32,152
2237,toys-2237,toys,64.69,159
2238,food-2238,food,66.06,166
2239,electronics-2239,electronics,67.43,173
2240,clothing-2240,clothing,68.80,180
2241,books-2241,books,70.17,187
2242,home-2242,home,71.54,194
2243,toys-2243,toys,72.91,201
2244,food-2244,food,74.28,208
2245,electronics-2245,electronics,75.65,215
2246,clothing-2246,clothing,77.02,222
2247,books-2247,books,78.39,229
2248,home-2248,home,79.76,236
2249,toys-2249,toys,81.13,243
2250,food-2250,food,82.50,250
2251,electronics-2251,electronics,83.87,257
2252,clothing-2252,clothing,85.24,264
2253,books-2253,books,86.61,271
2254,home-2254,home,87.98,278
2255,toys-2255,toys,89.35,285
2256,food-2256,food,90.72,292
2257,electronics-2257,electronics,92.09,299
2258,clothing-2258,clothing,93.46,306
2259,books-2259,books,94.83,313
2260,home-2260,home,96.20,320
2261,toys-2261,toys,97.57,327
2262,food-2262,food,98.94,334
2263,electronics-2263,electronics,0.31,341
2264,clothing-2264,clothing,1.68,348
2265,books-2265,books,3.05,355
2266,home-2266,home,4.42,362
2267,toys-2267,toys,5.79,369
2268,food-2268,food,7.16,376
2269,electronics-2269,electronics,8.53,383
2270,clothing-2270,clothing,9.90,390
2271,books-2271,books,11.27,397
2272,home-2272,home,12.64,404
2273,toys-2273,toys,14.01,411
2274,food-2274,food,15.38,418
2275,electronics-2275,electronics,16.75,425
2276,clothing-2276,clothing,18.12,432
2277,books-2277,books,19.49,439
2278,home-2278,home,20.86,446
2279,toys-2279,toys,22.23,453
2280,food-2280,food,23.60,460
2281,electronics-2281,electronics,24.97,467
2282,clothing-2282,clothing,26.34,474
2283,books-2283,books,27.71,481
2284,home-2284,home,29.08,488
2285,toys-2285,toys,30.45,495
2286,food-2286,food,31.82,2
2287,electronics-2287,electronics,33.19,9
2288,clothing-2288,clothing,34.56,16
2289,books-2289,books,35.93,23
2290,home-2290,home,37.30,30
2291,toys-2291,toys,38.67,37
2292,food-2292,food,40.04,44
2293,electronics-2293,electronics,41.41,51
2294,clothing-2294,clothing,42.78,58
2295,books-2295,books,44.15,65
2296,home-2296,home,45.52,72
2297,toys-2297,toys,46.89,79
2298,food-2298,food,48.26,86
2299,electronics-2299,electronics,49.63,93
2300,clothing-2300,clothing,51.00,100
2301,books-2301,books,52.37,107
2302,home-2302,home,53.74,114
2303,toys-2303,toys,55.11,121
2304,food-2304,food,56.48,128
2305,electronics-2305,electronics,57.85,135
2306,clothing-2306,clothing,59.22,142
2307,books-2307,books,60.59,149
2308,home-2308,home,61.96,156
2309,toys-2309,toys,63.33,163
2310,food-2310,food,64.70,170
2311,electronics-2311,electronics,66.07,177
2312,clothing-2312,clothing,67.44,184
2313,books-2313,books,68.81,191
2314,home-2314,home,70.18,198
2315,toys-2315,toys,71.55,205
2316,food-2316,food,72.92,212
2317,electronics-2317,electronics,74.29,219
2318,clothing-2318,clothing,75.66,226
2319,books-2319,books,77.03,233
2320,home-2320,home,78.40,240
2321,toys-2321,toys,79.77,247
2322,food-2322,food,81.14,254
2323,electronics-2323,electronics,82.51,261
2324,clothing-2324,clothing,83.88,268
2325,books-2325,books,85.25,275
2326,home-2326,home,86.62,282
2327,toys-2327,toys,87.99,289
2328,food-2328,food,89.36,296
2329,electronics-2329,electronics,90.73,303
2330,clothing-2330,clothing,92.10,310
2331,books-2331,books,93.47,317
2332,home-2332,home,94.84,324
2333,toys-2333,toys,96.21,331
2334,food-2334,food,97.58,338
2335,electronics-2335,electronics,98.95,345
2336,clothing-2336,clothing,0.32,352
2337,books-2337,books,1.69,359
2338,home-2338,home,3.06,366
2339,toys-2339,toys,4.43,373
2340,food-2340,food,5.80,380
2341,electronics-2341,electronics,7.17,387
2342,clothing-2342,clothing,8.54,394
2343,books-2343,books,9.91,401
2344,home-2344,home,11.28,408
2345,toys-2345,toys,12.65,415
2346,food-2346,food,14.02,422
2347,electronics-2347,electronics,15.39,429
2348,clothing-2348,clothing,16.76,436
2349,books-2349,books,18.13,443
2350,home-2350,home,19.50,450
2351,toys-2351,toys,20.87,457
2352,food-2352,food,22.24,464
2353,electronics-2353,electronics,23.61,471
2354,clothing-2354,clothing,24.98,478
2355,books-2355,books,26.35,485
2356,home-2356,home,27.72,492
2357,toys-2357,toys,29.09,499
2358,food-2358,food,30.46,6
2359,electronics-2359,electronics,31.83,13
2360,clothing-2360,clothing,33.20,20
2361,books-2361,books,34.57,27
2362,home-2362,home,35.94,34
2363,toys-2363,toys,37.31,41
2364,food-2364,food,38.68,48
2365,electronics-2365,electronics,40.05,55
2366,clothing-2366,clothing,41.42,62
2367,books-2367,books,42.79,69
2368,home-2368,home,44.16,76
2369,toys-2369,toys,45.53,83
2370,food-2370,food,46.90,90
2371,electronics-2371,electronics,48.27,97
2372,clothing-2372,clothing,49.64,104
2373,books-2373,books,51.01,111
2374,home-2374,home,52.38,118
2375,toys-2375,toys,53.75,125
2376,food-2376,food,55.12,132
2377,electronics-2377,electronics,56.49,139
2378,clothing-2378,clothing,57.86,146
2379,books-2379,books,59.23,153
2380,home-2380,home,60.60,160
2381,toys-2381,toys,61.97,167
2382,food-2382,food,63.34,174
2383,electronics-2383,electronics,64.71,181
2384,clothing-2384,clothing,66.08,188
2385,books-2385,books,67.45,195
2386,home-2386,home,68.82,202
2387,toys-2387,toys,70.19,209
2388,food-2388,food,71.56,216
2389,electronics-2389,electronics,72.93,223
2390,clothing-2390,clothing,74.30,230
2391,books-2391,books,75.67,237
2392,home-2392,home,77.04,244
2393,toys-2393,toys,78.41,251
2394,food-2394,food,79.78,258
2395,electronics-2395,electronics,81.15,265
2396,clothing-2396,clothing,82.52,272
2397,books-2397,books,83.89,279
2398,home-2398,home,85.26,286
2399,toys-2399,toys,86.63,293
2400,food-2400,food,88.00,300
2401,electronics-2401,electronics,89.37,307
2402,clothing-2402,clothing,90.74,314
2403,books-2403,books,92.11,321
2404,home-2404,home,93.48,328
2405,toys-2405,toys,94.85,335
2406,food-2406,food,96.22,342
2407,electronics-2407,electronics,97.59,349
2408,clothing-2408,clothing,98.96,356
2409,books-2409,books,0.33,363
2410,home-2410,home,1.70,370
2411,toys-2411,toys,3.07,377
2412,food-2412,food,4.44,384
2413,electronics-2413,electronics,5.81,391
2414,clothing-2414,clothing,7.18,398
2415,books-2415,books,8.55,405
2416,home-2416,home,9.92,412
2417,toys-2417,toys,11.29,419
2418,food-2418,food,12.66,426
2419,electronics-2419,electronics,14.03,433
2420,clothing-2420,clothing,15.40,440
2421,books-2421,books,16.77,447
2422,home-2422,home,18.14,454
2423,toys-2423,toys,19.51,461
2424,food-2424,food,20.88,468
2425,electronics-2425,electronics,22.25,475
2426,clothing-2426,clothing,23.62,482
2427,books-2427,books,24.99,489
2428,home-2428,home,26.36,496
2429,toys-2429,toys,27.73,3
2430,food-2430,food,29.10,10
2431,electronics-2431,electronics,30.47,17
2432,clothing-2432,clothing,31.84,24
2433,books-2433,books,33.21,31
2434,home-2434,home,34.58,38
2435,toys-2435,toys,35.95,45
2436,food-2436,food,37.32,52
2437,electronics-2437,electronics,38.69,59
2438,clothing-2438,clothing,40.06,66
2439,books-2439,books,41.43,73
2440,home-2440,home,42.80,80
2441,toys-2441,toys,44.17,87
2442,food-2442,food,45.54,94
2443,electronics-2443,electronics,46.91,101
2444,clothing-2444,clothing,48.28,108
2445,books-2445,books,49.65,115
2446,home-2446,home,51.02,122
2447,toys-2447,toys,52.39,129
2448,food-2448,food,53.76,136
2449,electronics-2449,electronics,55.13,143
2450,clothing-2450,clothing,56.50,150
2451,books-2451,books,57.87,157
2452,home-2452,home,59.24,164
2453,toys-2453,toys,60.61,171
2454,food-2454,food,61.98,178
2455,electronics-2455,electronics,63.35,185
2456,clothing-2456,clothing,64.72,192
2457,books-2457,books,66.09,199
2458,home-2458,home,67.46,206
2459,toys-2459,toys,68.83,213
2460,food-2460,food,70.20,220
2461,electronics-2461,electronics,71.57,227
2462,clothing-2462,clothing,72.94,234
2463,books-2463,books,74.31,241
2464,home-2464,home,75.68,248
2465,toys-2465,toys,77.05,255
2466,food-2466,food,78.42,262
2467,electronics-2467,electronics,79.79,269
2468,clothing-2468,clothing,81.16,276
2469,books-2469,books,82.53,283
2470,home-2470,home,83.90,290
2471,toys-2471,toys,85.27,297
2472,food-2472,food,86.64,304
2473,electronics-2473,electronics,88.01,311
2474,clothing-2474,clothing,89.38,318
2475,books-2475,books,90.75,325
2476,home-2476,home,92.12,332
2477,toys-2477,toys,93.49,339
2478,food-2478,food,94.86,346
2479,electronics-2479,electronics,96.23,353
2480,clothing-2480,clothing,97.60,360
2481,books-2481,books,98.97,367
2482,home-2482,home,0.34,374
2483,toys-2483,toys,1.71,381
2484,food-2484,food,3.08,388
2485,electronics-2485,electronics,4.45,395
2486,clothing-2486,clothing,5.82,402
2487,books-2487,books,7.19,409
2488,home-2488,home,8.56,416
2489,toys-2489,toys,9.93,423
2490,food-2490,food,11.30,430
2491,electronics-2491,electronics,12.67,437
2492,clothing-2492,clothing,14.04,444
2493,books-2493,books,15.41,451
2494,home-2494,home,16.78,458
2495,toys-2495,toys,18.15,465
2496,food-2496,food,19.52,472
2497,electronics-2497,electronics,20.89,479
2498,clothing-2498,clothing,22.26,486
2499,books-2499,books,23.63,493
2500,home-2500,home,25.00,0
2501,toys-2501,toys,26.37,7
2502,food-2502,food,27.74,14
2503,electronics-2503,electronics,29.11,21
2504,clothing-2504,clothing,30.48,28
2505,books-2505,books,31.85,35
2506,home-2506,home,33.22,42
2507,toys-2507,toys,34.59,49
2508,food-2508,food,35.96,56
2509,electronics-2509,electronics,37.33,63
2510,clothing-2510,clothing,38.70,70
2511,books-2511,books,40.07,77
2512,home-2512,home,41.44,84
2513,toys-2513,toys,42.81,91
2514,food-2514,food,44.18,98
2515,electronics-2515,electronics,45.55,105
2516,clothing-2516,clothing,46.92,112
2517,books-2517,books,48.29,119
2518,home-2518,home,49.66,126
2519,toys-2519,toys,51.03,133
2520,food-2520,food,52.40,140
2521,electronics-2521,electronics,53.77,147
2522,clothing-2522,clothing,55.14,154
2523,books-2523,books,56.51,161
2524,home-2524,home,57.88,168
2525,toys-2525,toys,59.25,175
2526,food-2526,food,60.62,182
2527,electronics-2527,electronics,61.99,189
2528,clothing-2528,clothing,63.36,196
2529,books-2529,books,64.73,203
2530,home-2530,home,66.10,210
2531,toys-2531,toys,67.47,217
2532,food-2532,food,68.84,224
2533,electronics-2533,electronics,70.21,231
2534,clothing-2534,clothing,71.58,238
2535,books-2535,books,72.95,245
2536,home-2536,home,74.32,252
2537,toys-2537,toys,75.69,259
2538,food-2538,food,77.06,266
2539,electronics-2539,electronics,78.43,273
2540,clothing-2540,clothing,79.80,280
2541,books-2541,books,81.17,287
2542,home-2542,home,82.54,294
2543,toys-2543,toys,83.91,301
2544,food-2544,food,85.28,308
2545,electronics-2545,electronics,86.65,315
2546,clothing-2546,clothing,88.02,322
2547,books-2547,books,89.39,329
2548,home-2548,home,90.76,336
2549,toys-2549,toys,92.13,343
2550,food-2550,food,93.50,350
2551,electronics-2551,electronics,94.87,357
2552,clothing-2552,clothing,96.24,364
2553,books-2553,books,97.61,371
2554,home-2554,home,98.98,378
2555,toys-2555,toys,0.35,385
2556,food-2556,food,1.72,392
2557,electronics-2557,electronics,3.09,399
2558,clothing-2558,clothing,4.46,406
2559,books-2559,books,5.83,413
2560,home-2560,home,7.20,420
2561,toys-2561,toys,8.57,427
2562,food-2562,food,9.94,434
2563,electronics-2563,electronics,11.31,441
2564,clothing-2564,clothing,12.68,448
2565,books-2565,books,14.05,455
2566,home-2566,home,15.42,462
2567,toys-2567,toys,16.79,469
2568,food-2568,food,18.16,476
2569,electronics-2569,electronics,19.53,483
2570,clothing-2570,clothing,20.90,490
2571,books-2571,books,22.27,497
2572,home-2572,home,23.64,4
2573,toys-2573,toys,25.01,11
2574,food-2574,food,26.38,18
2575,electronics-2575,electronics,27.75,25
2576,clothing-2576,clothing,29.12,32
2577,books-2577,books,30.49,39
2578,home-2578,home,31.86,46
2579,toys-2579,toys,33.23,53
2580,food-2580,food,34.60,60
2581,electronics-2581,electronics,35.97,67
2582,clothing-2582,clothing,37.34,74
2583,books-2583,books,38.71,81
2584,home-2584,home,40.08,88
2585,toys-2585,toys,41.45,95
2586,food-2586,food,42.82,102
2587,electronics-2587,electronics,44.19,109
2588,clothing-2588,clothing,45.56,116
2589,books-2589,books,46.93,123
2590,home-2590,home,48.30,130
2591,toys-2591,toys,49.67,137
2592,food-2592,food,51.04,144
2593,electronics-2593,electronics,52.41,151
2594,clothing-2594,clothing,53.78,158
2595,books-2595,books,55.15,165
2596,home-2596,home,56.52,172
2597,toys-2597,toys,57.89,179
2598,food-2598,food,59.26,186
2599,electronics-2599,electronics,60.63,193
2600,clothing-2600,clothing,62.00,200
2601,books-2601,books,63.37,207
2602,home-2602,home,64.74,214
2603,toys-2603,toys,66.11,221
2604,food-2604,food,67.48,228
2605,electronics-2605,electronics,68.85,235
2606,clothing-2606,clothing,70.22,242
2607,books-2607,books,71.59,249
2608,home-2608,home,72.96,256
2609,toys-2609,toys,74.33,263
2610,food-2610,food,75.70,270
2611,electronics-2611,electronics,77.07,277
2612,clothing-2612,clothing,78.44,284
2613,books-2613,books,79.81,291
2614,home-2614,home,81.18,298
2615,toys-2615,toys,82.55,305
2616,food-2616,food,83.92,312
2617,electronics-2617,electronics,85.29,319
2618,clothing-2618,clothing,86.66,326
2619,books-2619,books,88.03,333
2620,home-2620,home,89.40,340
2621,toys-2621,toys,90.77,347
2622,food-2622,food,92.14,354
2623,electronics-2623,electronics,93.51,361
2624,clothing-2624,clothing,94.88,368
2625,books-2625,books,96.25,375
2626,home-2626,home,97.62,382
2627,toys-2627,toys,98.99,389
2628,food-2628,food,0.36,396
2629,electronics-2629,electronics,1.73,403
2630,clothing-2630,clothing,3.10,410
2631,books-2631,books,4.47,417
2632,home-2632,home,5.84,424
2633,toys-2633,toys,7.21,431
2634,food-2634,food,8.58,438
2635,electronics-2635,electronics,9.95,445
2636,clothing-2636,clothing,11.32,452
2637,books-2637,books,12.69,459
2638,home-2638,home,14.06,466
2639,toys-2639,toys,15.43,473
2640,food-2640,food,16.80,480
2641,electronics-2641,electronics,18.17,487
2642,clothing-2642,clothing,19.54,494
2643,books-2643,books,20.91,1
2644,home-2644,home,22.28,8
2645,toys-2645,toys,23.65,15
2646,food-2646,food,25.02,22
2647,electronics-2647,electronics,26.39,29
2648,clothing-2648,clothing,27.76,36
2649,books-2649,books,29.13,43
2650,home-2650,home,30.50,50
2651,toys-2651,toys,31.87,57
2652,food-2652,food,33.24,64
2653,electronics-2653,electronics,34.61,71
2654,clothing-2654,clothing,35.98,78
2655,books-2655,books,37.35,85
2656,home-2656,home,38.72,92
2657,toys-2657,toys,40.09,99
2658,food-2658,food,41.46,106
2659,electronics-2659,electronics,42.83,113
2660,clothing-2660,clothing,44.20,120
2661,books-2661,books,45.57,127
2662,home-2662,home,46.94,134
2663,toys-2663,toys,48.31,141
2664,food-2664,food,49.68,148
2665,electronics-2665,electronics,51.05,155
2666,clothing-2666,clothing,52.42,162
2667,books-2667,books,53.79,169
2668,home-2668,home,55.16,176
2669,toys-2669,toys,56.53,183
2670,food-2670,food,57.90,190
2671,electronics-2671,electronics,59.27,197
2672,clothing-2672,clothing,60.64,204
2673,books-2673,books,62.01,211
2674,home-2674,home,63.38,218
2675,toys-2675,toys,64.75,225
2676,food-2676,food,66.12,232
2677,electronics-2677,electronics,67.49,239
2678,clothing-2678,clothing,68.86,246
2679,books-2679,books,70.23,253
2680,home-2680,home,71.60,260
2681,toys-2681,toys,72.97,267
2682,food-2682,food,74.34,274
2683,electronics-2683,electronics,75.71,281
2684,clothing-2684,clothing,77.08,288
2685,books-2685,books,78.45,295
2686,home-2686,home,79.82,302
2687,toys-2687,toys,81.19,309
2688,food-2688,food,82.56,316
2689,electronics-2689,electronics,83.93,323
2690,clothing-2690,clothing,85.30,330
2691,books-2691,books,86.67,337
2692,home-2692,home,88.04,344
2693,toys-2693,toys,89.41,351
2694,food-2694,food,90.78,358
2695,electronics-2695,electronics,92.15,365
2696,clothing-2696,clothing,93.52,372
2697,books-2697,books,94.89,379
2698,home-2698,home,96.26,386
2699,toys-2699,toys,97.63,393
2700,food-2700,food,99.00,400
2701,electronics-2701,electronics,0.37,407
2702,clothing-2702,clothing,1.74,414
2703,books-2703,books,3.11,421
2704,home-2704,home,4.48,428
2705,toys-2705,toys,5.85,435
2706,food-2706,food,7.22,442
2707,electronics-2707,electronics,8.59,449
2708,clothing-2708,clothing,9.96,456
2709,books-2709,books,11.33,463
2710,home-2710,home,12.70,470
2711,toys-2711,toys,14.07,477
2712,food-2712,food,15.44,484
2713,electronics-2713,electronics,16.81,491
2714,clothing-2714,clothing,18.18,498
2715,books-2715,books,19.55,5
2716,home-2716,home,20.92,12
2717,toys-2717,toys,22.29,19
2718,food-2718,food,23.66,26
2719,electronics-2719,electronics,25.03,33
2720,clothing-2720,clothing,26.40,40
2721,books-2721,books,27.77,47
2722,home-2722,home,29.14,54
2723,toys-2723,toys,30.51,61
2724,food-2724,food,31.88,68
2725,electronics-2725,electronics,33.25,75
2726,clothing-2726,clothing,34.62,82
2727,books-2727,books,35.99,89
2728,home-2728,home,37.36,96
2729,toys-2729,toys,38.73,103
2730,food-2730,food,40.10,110
2731,electronics-2731,electronics,41.47,117
2732,clothing-2732,clothing,42.84,124
2733,books-2733,books,44.21,131
2734,home-2734,home,45.58,138
2735,toys-2735,toys,46.95,145
2736,food-2736,food,48.32,152
2737,electronics-2737,electronics,49.69,159
2738,clothing-2738,clothing,51.06,166
2739,books-2739,books,52.43,173
2740,home-2740,home,53.80,180
2741,toys-2741,toys,55.17,187
2742,food-2742,food,56.54,194
2743,electronics-2743,electronics,57.91,201
2744,clothing-2744,clothing,59.28,208
2745,books-2745,books,60.65,215
2746,home-2746,home,62.02,222
2747,toys-2747,toys,63.39,229
2748,food-2748,food,64.76,236
2749,electronics-2749,electronics,66.13,243
2750,clothing-2750,clothing,67.50,250
2751,books-2751,books,68.87,257
2752,home-2752,home,70.24,264
2753,toys-2753,toys,71.61,271
2754,food-2754,food,72.98,278
2755,electronics-2755,electronics,74.35,285
2756,clothing-2756,clothing,75.72,292
2757,books-2757,books,77.09,299
2758,home-2758,home,78.46,306
2759,toys-2759,toys,79.83,313
2760,food-2760,food,81.20,320
2761,electronics-2761,electronics,82.57,327
2762,clothing-2762,clothing,83.94,334
2763,books-2763,books,85.31,341
2764,home-2764,home,86.68,348
2765,toys-2765,toys,88.05,355
2766,food-2766,food,89.42,362
2767,electronics-2767,electronics,90.79,369
2768,clothing-2768,clothing,92.16,376
2769,books-2769,books,93.53,383
2770,home-2770,home,94.90,390
2771,toys-2771,toys,96.27,397
2772,food-2772,food,97.64,404
2773,electronics-2773,electronics,99.01,411
2774,clothing-2774,clothing,0.38,418
2775,books-2775,books,1.75,425
2776,home-2776,home,3.12,432
2777,toys-2777,toys,4.49,439
2778,food-2778,food,5.86,446
2779,electronics-2779,electronics,7.23,453
2780,clothing-2780,clothing,8.60,460
2781,books-2781,books,9.97,467
2782,home-2782,home,11.34,474
2783,toys-2783,toys,12.71,481
2784,food-2784,food,14.08,488
2785,electronics-2785,electronics,15.45,495
2786,clothing-2786,clothing,16.82,2
2787,books-2787,books,18.19,9
2788,home-2788,home,19.56,16
2789,toys-2789,toys,20.93,23
2790,food-2790,food,22.30,30
2791,electronics-2791,electronics,23.67,37
2792,clothing-2792,clothing,25.04,44
2793,books-2793,books,26.41,51
2794,home-2794,home,27.78,58
2795,toys-2795,toys,29.15,65
2796,food-2796,food,30.52,72
2797,electronics-2797,electronics,31.89,79
2798,clothing-2798,clothing,33.26,86
2799,books-2799,books,34.63,93
2800,home-2800,home,36.00,100
2801,toys-2801,toys,37.37,107
2802,food-2802,food,38.74,114
2803,electronics-2803,electronics,40.11,121
2804,clothing-2804,clothing,41.48,128
2805,books-2805,books,42.85,135
2806,home-2806,home,44.22,142
2807,toys-2807,toys,45.59,149
2808,food-2808,food,46.96,156
2809,electronics-2809,electronics,48.33,163
2810,clothing-2810,clothing,49.70,170
2811,books-2811,books,51.07,177
2812,home-2812,home,52.44,184
2813,toys-2813,toys,53.81,191
2814,food-2814,food,55.18,198
2815,electronics-2815,electronics,56.55,205
2816,clothing-2816,clothing,57.92,212
2817,books-2817,books,59.29,219
2818,home-2818,home,60.66,226
2819,toys-2819,toys,62.03,233
2820,food-2820,food,63.40,240
2821,electronics-2821,electronics,64.77,247
2822,clothing-2822,clothing,66.14,254
2823,books-2823,books,67.51,261
2824,home-2824,home,68.88,268
2825,toys-2825,toys,70.25,275
2826,food-2826,food,71.62,282
2827,electronics-2827,electronics,72.99,289
2828,clothing-2828,clothing,74.36,296
2829,books-2829,books,75.73,303
2830,home-2830,home,77.10,310
2831,toys-2831,toys,78.47,317
2832,food-2832,food,79.84,324
2833,electronics-2833,electronics,81.21,331
2834,clothing-2834,clothing,82.58,338
2835,books-2835,books,83.95,345
2836,home-2836,home,85.32,352
2837,toys-2837,toys,86.69,359
2838,food-2838,food,88.06,366
2839,electronics-2839,electronics,89.43,373
2840,clothing-2840,clothing,90.80,380
2841,books-2841,books,92.17,387
2842,home-2842,home,93.54,394
2843,toys-2843,toys,94.91,401
2844,food-2844,food,96.28,408
2845,electronics-2845,electronics,97.65,415
2846,clothing-2846,clothing,99.02,422
2847,books-2847,books,0.39,429
2848,home-2848,home,1.76,436
2849,toys-2849,toys,3.13,443
2850,food-2850,food,4.50,450
2851,electronics-2851,electronics,5.87,457
2852,clothing-2852,clothing,7.24,464
2853,books-2853,books,8.61,471
2854,home-2854,home,9.98,478
2855,toys-2855,toys,11.35,485
2856,food-2856,food,12.72,492
2857,electronics-2857,electronics,14.09,499
2858,clothing-2858,clothing,15.46,6
2859,books-2859,books,16.83,13
2860,home-2860,home,18.20,20
2861,toys-2861,toys,19.57,27
2862,food-2862,food,20.94,34
2863,electronics-2863,electronics,22.31,41
2864,clothing-2864,clothing,23.68,48
2865,books-2865,books,25.05,55
2866,home-2866,home,26.42,62
2867,toys-2867,toys,27.79,69
2868,food-2868,food,29.16,76
2869,electronics-2869,electronics,30.53,83
2870,clothing-2870,clothing,31.90,90
2871,books-2871,books,33.27,97
2872,home-2872,home,34.64,104
2873,toys-2873,toys,36.01,111
2874,food-2874,food,37.38,118
2875,electronics-2875,electronics,38.75,125
2876,clothing-2876,clothing,40.12,132
2877,books-2877,books,41.49,139
2878,home-2878,home,42.86,146
2879,toys-2879,toys,44.23,153
2880,food-2880,food,45.60,160
2881,electronics-2881,electronics,46.97,167
2882,clothing-2882,clothing,48.34,174
2883,books-2883,books,49.71,181
2884,home-2884,home,51.08,188
2885,toys-2885,toys,52.45,195
2886,food-2886,food,53.82,202
2887,electronics-2887,electronics,55.19,209
2888,clothing-2888,clothing,56.56,216
2889,books-2889,books,57.93,223
2890,home-2890,home,59.30,230
2891,toys-2891,toys,60.67,237
2892,food-2892,food,62.04,244
2893,electronics-2893,electronics,63.41,251
2894,clothing-2894,clothing,64.78,258
2895,books-2895,books,66.15,265
2896,home-2896,home,67.52,272
2897,toys-2897,toys,68.89,279
2898,food-2898,food,70.26,286
2899,electronics-2899,electronics,71.63,293
2900,clothing-2900,clothing,73.00,300
2901,books-2901,books,74.37,307
2902,home-2902,home,75.74,314
2903,toys-2903,toys,77.11,321
2904,food-2904,food,78.48,328
2905,electronics-2905,electronics,79.85,335
2906,clothing-2906,clothing,81.22,342
2907,books-2907,books,82.59,349
2908,home-2908,home,83.96,356
2909,toys-2909,toys,85.33,363
2910,food-2910,food,86.70,370
2911,electronics-2911,electronics,88.07,377
2912,clothing-2912,clothing,89.44,384
2913,books-2913,books,90.81,391
2914,home-2914,home,92.18,398
2915,toys-2915,toys,93.55,405
2916,food-2916,food,94.92,412
2917,electronics-2917,electronics,96.29,419
2918,clothing-2918,clothing,97.66,426
2919,books-2919,books,99.03,433
2920,home-2920,home,0.40,440
2921,toys-2921,toys,1.77,447
2922,food-2922,food,3.14,454
2923,electronics-2923,electronics,4.51,461
2924,clothing-2924,clothing,5.88,468
2925,books-2925,books,7.25,475
2926,home-2926,home,8.62,482
2927,toys-2927,toys,9.99,489
2928,food-2928,food,11.36,496
2929,electronics-2929,electronics,12.73,3
2930,clothing-2930,clothing,14.10,10
2931,books-2931,books,15.47,17
2932,home-2932,home,16.84,24
2933,toys-2933,toys,18.21,31
2934,food-2934,food,19.58,38
2935,electronics-2935,electronics,20.95,45
2936,clothing-2936,clothing,22.32,52
2937,books-2937,books,23.69,59
2938,home-2938,home,25.06,66
2939,toys-2939,toys,26.43,73
2940,food-2940,food,27.80,80
2941,electronics-2941,electronics,29.17,87
2942,clothing-2942,clothing,30.54,94
2943,books-2943,books,31.91,101
2944,home-2944,home,33.28,108
2945,toys-2945,toys,34.65,115
2946,food-2946,food,36.02,122
2947,electronics-2947,electronics,37.39,129
2948,clothing-2948,clothing,38.76,136
2949,books-2949,books,40.13,143
2950,home-2950,home,41.50,150
2951,toys-2951,toys,42.87,157
2952,food-2952,food,44.24,164
2953,electronics-2953,electronics,45.61,171
2954,clothing-2954,clothing,46.98,178
2955,books-2955,books,48.35,185
2956,home-2956,home,49.72,192
2957,toys-2957,toys,51.09,199
2958,food-2958,food,52.46,206
2959,electronics-2959,electronics,53.83,213
2960,clothing-2960,clothing,55.20,220
2961,books-2961,books,56.57,227
2962,home-2962,home,57.94,234
2963,toys-2963,toys,59.31,241
2964,food-2964,food,60.68,248
2965,electronics-2965,electronics,62.05,255
2966,clothing-2966,clothing,63.42,262
2967,books-2967,books,64.79,269
2968,home-2968,home,66.16,276
2969,toys-2969,toys,67.53,283
2970,food-2970,food,68.90,290
2971,electronics-2971,electronics,70.27,297
2972,clothing-2972,clothing,71.64,304
2973,books-2973,books,73.01,311
2974,home-2974,home,74.38,318
2975,toys-2975,toys,75.75,325
2976,food-2976,food,77.12,332
2977,electronics-2977,electronics,78.49,339
2978,clothing-2978,clothing,79.86,346
2979,books-2979,books,81.23,353
2980,home-2980,home,82.60,360
2981,toys-2981,toys,83.97,367
2982,food-2982,food,85.34,374
2983,electronics-2983,electronics,86.71,381
2984,clothing-2984,clothing,88.08,388
2985,books-2985,books,89.45,395
2986,home-2986,home,90.82,402
2987,toys-2987,toys,92.19,409
2988,food-2988,food,93.56,416
2989,electronics-2989,electronics,94.93,423
2990,clothing-2990,clothing,96.30,430
2991,books-2991,books,97.67,437
2992,home-2992,home,99.04,444
2993,toys-2993,toys,0.41,451
2994,food-2994,food,1.78,458
2995,electronics-2995,electronics,3.15,465
2996,clothing-2996,clothing,4.52,472
2997,books-2997,books,5.89,479
2998,home-2998,home,7.26,486
2999,toys-2999,toys,8.63,493
3000,food-3000,food,10.00,0
3001,electronics-3001,electronics,11.37,7
3002,clothing-3002,clothing,12.74,14
3003,books-3003,books,14.11,21
3004,home-3004,home,15.48,28
3005,toys-3005,toys,16.85,35
3006,food-3006,food,18.22,42
3007,electronics-3007,electronics,19.59,49
3008,clothing-3008,clothing,20.96,56
3009,books-3009,books,22.33,63
3010,home-3010,home,23.70,70
3011,toys-3011,toys,25.07,77
3012,food-3012,food,26.44,84
3013,electronics-3013,electronics,27.81,91
3014,clothing-3014,clothing,29.18,98
3015,books-3015,books,30.55,105
3016,home-3016,home,31.92,112
3017,toys-3017,toys,33.29,119
3018,food-3018,food,34.66,126
3019,electronics-3019,electronics,36.03,133
3020,clothing-3020,clothing,37.40,140
3021,books-3021,books,38.77,147
3022,home-3022,home,40.14,154
3023,toys-3023,toys,41.51,161
3024,food-3024,food,42.88,168
3025,electronics-3025,electronics,44.25,175
3026,clothing-3026,clothing,45.62,182
3027,books-3027,books,46.99,189
3028,home-3028,home,48.36,196
3029,toys-3029,toys,49.73,203
3030,food-3030,food,51.10,210
3031,electronics-3031,electronics,52.47,217
3032,clothing-3032,clothing,53.84,224
3033,books-3033,books,55.21,231
3034,home-3034,home,56.58,238
3035,toys-3035,toys,57.95,245
3036,food-3036,food,59.32,252
3037,electronics-3037,electronics,60.69,259
3038,clothing-3038,clothing,62.06,266
3039,books-3039,books,63.43,273
3040,home-3040,home,64.80,280
3041,toys-3041,toys,66.17,287
3042,food-3042,food,67.54,294
3043,electronics-3043,electronics,68.91,301
3044,clothing-3044,clothing,70.28,308
3045,books-3045,books,71.65,315
3046,home-3046,home,73.02,322
3047,toys-3047,toys,74.39,329
3048,food-3048,food,75.76,336
3049,electronics-3049,electronics,77.13,343
3050,clothing-3050,clothing,78.50,350
3051,books-3051,books,79.87,357
3052,home-3052,home,81.24,364
3053,toys-3053,toys,82.61,371
3054,food-3054,food,83.98,378
3055,electronics-3055,electronics,85.35,385
3056,clothing-3056,clothing,86.72,392
3057,books-3057,books,88.09,399
3058,home-3058,home,89.46,406
3059,toys-3059,toys,90.83,413
3060,food-3060,food,92.20,420
3061,electronics-3061,electronics,93.57,427
3062,clothing-3062,clothing,94.94,434
3063,books-3063,books,96.31,441
3064,home-3064,home,97.68,448
3065,toys-3065,toys,99.05,455
3066,food-3066,food,0.42,462
3067,electronics-3067,electronics,1.79,469
3068,clothing-3068,clothing,3.16,476
3069,books-3069,books,4.53,483
3070,home-3070,home,5.90,490
3071,toys-3071,toys,7.27,497
3072,food-3072,food,8.64,4
3073,electronics-3073,electronics,10.01,11
3074,clothing-3074,clothing,11.38,18
3075,books-3075,books,12.75,25
3076,home-3076,home,14.12,32
3077,toys-3077,toys,15.49,39
3078,food-3078,food,16.86,46
3079,electronics-3079,electronics,18.23,53
3080,clothing-3080,clothing,19.60,60
3081,books-3081,books,20.97,67
3082,home-3082,home,22.34,74
3083,toys-3083,toys,23.71,81
3084,food-3084,food,25.08,88
3085,electronics-3085,electronics,26.45,95
3086,clothing-3086,clothing,27.82,102
3087,books-3087,books,29.19,109
3088,home-3088,home,30.56,116
3089,toys-3089,toys,31.93,123
3090,food-3090,food,33.30,130
3091,electronics-3091,electronics,34.67,137
3092,clothing-3092,clothing,36.04,144
3093,books-3093,books,37.41,151
3094,home-3094,home,38.78,158
3095,toys-3095,toys,40.15,165
3096,food-3096,food,41.52,172
3097,electronics-3097,electronics,42.89,179
3098,clothing-3098,clothing,44.26,186
3099,books-3099,books,45.63,193
3100,home-3100,home,47.00,200
3101,toys-3101,toys,48.37,207
3102,food-3102,food,49.74,214
3103,electronics-3103,electronics,51.11,221
3104,clothing-3104,clothing,52.48,228
3105,books-3105,books,53.85,235
3106,home-3106,home,55.22,242
3107,toys-3107,toys,56.59,249
3108,food-3108,food,57.96,256
3109,electronics-3109,electronics,59.33,263
3110,clothing-3110,clothing,60.70,270
3111,books-3111,books,62.07,277
3112,home-3112,home,63.44,284
3113,toys-3113,toys,64.81,291
3114,food-3114,food,66.18,298
3115,electronics-3115,electronics,67.55,305
3116,clothing-3116,clothing,68.92,312
3117,books-3117,books,70.29,319
3118,home-3118,home,71.66,326
3119,toys-3119,toys,73.03,333
3120,food-3120,food,74.40,340
3121,electronics-3121,electronics,75.77,347
3122,clothing-3122,clothing,77.14,354
3123,books-3123,books,78.51,361
3124,home-3124,home,79.88,368
3125,toys-3125,toys,81.25,375
3126,food-3126,food,82.62,382
3127,electronics-3127,electronics,83.99,389
3128,clothing-3128,clothing,85.36,396
3129,books-3129,books,86.73,403
3130,home-3130,home,88.10,410
3131,toys-3131,toys,89.47,417
3132,food-3132,food,90.84,424
3133,electronics-3133,electronics,92.21,431
3134,clothing-3134,clothing,93.58,438
3135,books-3135,books,94.95,445
3136,home-3136,home,96.32,452
3137,toys-3137,toys,97.69,459
3138,food-3138,food,99.06,466
3139,electronics-3139,electronics,0.43,473
3140,clothing-3140,clothing,1.80,480
3141,books-3141,books,3.17,487
3142,home-3142,home,4.54,494
3143,toys-3143,toys,5.91,1
3144,food-3144,food,7.28,8
3145,electronics-3145,electronics,8.65,15
3146,clothing-3146,clothing,10.02,22
3147,books-3147,books,11.39,29
3148,home-3148,home,12.76,36
3149,toys-3149,toys,14.13,43
3150,food-3150,food,15.50,50
3151,electronics-3151,electronics,16.87,57
3152,clothing-3152,clothing,18.24,64
3153,books-3153,books,19.61,71
3154,home-3154,home,20.98,78
3155,toys-3155,toys,22.35,85
3156,food-3156,food,23.72,92
3157,electronics-3157,electronics,25.09,99
3158,clothing-3158,clothing,26.46,106
3159,books-3159,books,27.83,113
3160,home-3160,home,29.20,120
3161,toys-3161,toys,30.57,127
3162,food-3162,food,31.94,134
3163,electronics-3163,electronics,33.31,141
3164,clothing-3164,clothing,34.68,148
3165,books-3165,books,36.05,155
3166,home-3166,home,37.42,162
3167,toys-3167,toys,38.79,169
3168,food-3168,food,40.16,176
3169,electronics-3169,electronics,41.53,183
3170,clothing-3170,clothing,42.90,190
3171,books-3171,books,44.27,197
3172,home-3172,home,45.64,204
3173,toys-3173,toys,47.01,211
3174,food-3174,food,48.38,218
3175,electronics-3175,electronics,49.75,225
3176,clothing-3176,clothing,51.12,232
3177,books-3177,books,52.49,239
3178,home-3178,home,53.86,246
3179,toys-3179,toys,55.23,253
3180,food-3180,food,56.60,260
3181,electronics-3181,electronics,57.97,267
3182,clothing-3182,clothing,59.34,274
3183,books-3183,books,60.71,281
3184,home-3184,home,62.08,288
3185,toys-3185,toys,63.45,295
3186,food-3186,food,64.82,302
3187,electronics-3187,electronics,66.19,309
3188,clothing-3188,clothing,67.56,316
3189,books-3189,books,68.93,323
3190,home-3190,home,70.30,330
3191,toys-3191,toys,71.67,337
3192,food-3192,food,73.04,344
3193,electronics-3193,electronics,74.41,351
3194,clothing-3194,clothing,75.78,358
3195,books-3195,books,77.15,365
3196,home-3196,home,78.52,372
3197,toys-3197,toys,79.89,379
3198,food-3198,food,81.26,386
3199,electronics-3199,electronics,82.63,393
3200,clothing-3200,clothing,84.00,400
3201,books-3201,books,85.37,407
3202,home-3202,home,86.74,414
3203,toys-3203,toys,88.11,421
3204,food-3204,food,89.48,428
3205,electronics-3205,electronics,90.85,435
3206,clothing-3206,clothing,92.22,442
3207,books-3207,books,93.59,449
3208,home-3208,home,94.96,456
3209,toys-3209,toys,96.33,463
3210,food-3210,food,97.70,470
3211,electronics-3211,electronics,99.07,477
3212,clothing-3212,clothing,0.44,484
3213,books-3213,books,1.81,491
3214,home-3214,home,3.18,498
3215,toys-3215,toys,4.55,5
3216,food-3216,food,5.92,12
3217,electronics-3217,electronics,7.29,19
3218,clothing-3218,clothing,8.66,26
3219,books-3219,books,10.03,33
3220,home-3220,home,11.40,40
3221,toys-3221,toys,12.77,47
3222,food-3222,food,14.14,54
3223,electronics-3223,electronics,15.51,61
3224,clothing-3224,clothing,16.88,68
3225,books-3225,books,18.25,75
3226,home-3226,home,19.62,82
3227,toys-3227,toys,20.99,89
3228,food-3228,food,22.36,96
3229,electronics-3229,electronics,23.73,103
3230,clothing-3230,clothing,25.10,110
3231,books-3231,books,26.47,117
3232,home-3232,home,27.84,124
3233,toys-3233,toys,29.21,131
3234,food-3234,food,30.58,138
3235,electronics-3235,electronics,31.95,145
3236,clothing-3236,clothing,33.32,152
3237,books-3237,books,34.69,159
3238,home-3238,home,36.06,166
3239,toys-3239,toys,37.43,173
3240,food-3240,food,38.80,180
3241,electronics-3241,electronics,40.17,187
3242,clothing-3242,clothing,41.54,194
3243,books-3243,books,42.91,201
3244,home-3244,home,44.28,208
3245,toys-3245,toys,45.65,215
3246,food-3246,food,47.02,222
3247,electronics-3247,electronics,48.39,229
3248,clothing-3248,clothing,49.76,236
3249,books-3249,books,51.13,243
3250,home-3250,home,52.50,250
3251,toys-3251,toys,53.87,257
3252,food-3252,food,55.24,264
3253,electronics-3253,electronics,56.61,271
3254,clothing-3254,clothing,57.98,278
3255,books-3255,books,59.35,285
3256,home-3256,home,60.72,292
3257,toys-3257,toys,62.09,299
3258,food-3258,food,63.46,306
3259,electronics-3259,electronics,64.83,313
3260,clothing-3260,clothing,66.20,320
3261,books-3261,books,67.57,327
3262,home-3262,home,68.94,334
3263,toys-3263,toys,70.31,341
3264,food-3264,food,71.68,348
3265,electronics-3265,electronics,73.05,355
3266,clothing-3266,clothing,74.42,362
3267,books-3267,books,75.79,369
3268,home-3268,home,77.16,376
3269,toys-3269,toys,78.53,383
3270,food-3270,food,79.90,390
3271,electronics-3271,electronics,81.27,397
3272,clothing-3272,clothing,82.64,404
3273,books-3273,books,84.01,411
3274,home-3274,home,85.38,418
3275,toys-3275,toys,86.75,425
3276,food-3276,food,88.12,432
3277,electronics-3277,electronics,89.49,439
3278,clothing-3278,clothing,90.86,446
3279,books-3279,books,92.23,453
3280,home-3280,home,93.60,460
3281,toys-3281,toys,94.97,467
3282,food-3282,food,96.34,474
3283,electronics-3283,electronics,97.71,481
3284,clothing-3284,clothing,99.08,488
3285,books-3285,books,0.45,495
3286,home-3286,home,1.82,2
3287,toys-3287,toys,3.19,9
3288,food-3288,food,4.56,16
3289,electronics-3289,electronics,5.93,23
3290,clothing-3290,clothing,7.30,30
3291,books-3291,books,8.67,37
3292,home-3292,home,10.04,44
3293,toys-3293,toys,11.41,51
3294,food-3294,food,12.78,58
3295,electronics-3295,electronics,14.15,65
3296,clothing-3296,clothing,15.52,72
3297,books-3297,books,16.89,79
3298,home-3298,home,18.26,86
3299,toys-3299,toys,19.63,93
3300,food-3300,food,21.00,100
3301,electronics-3301,electronics,22.37,107
3302,clothing-3302,clothing,23.74,114
3303,books-3303,books,25.11,121
3304,home-3304,home,26.48,128
3305,toys-3305,toys,27.85,135
3306,food-3306,food,29.22,142
3307,electronics-3307,electronics,30.59,149
3308,clothing-3308,clothing,31.96,156
3309,books-3309,books,33.33,163
3310,home-3310,home,34.70,170
3311,toys-3311,toys,36.07,177
3312,food-3312,food,37.44,184
3313,electronics-3313,electronics,38.81,191
3314,clothing-3314,clothing,40.18,198
3315,books-3315,books,41.55,205
3316,home-3316,home,42.92,212
3317,toys-3317,toys,44.29,219
3318,food-3318,food,45.66,226
3319,electronics-3319,electronics,47.03,233
3320,clothing-3320,clothing,48.40,240
3321,books-3321,books,49.77,247
3322,home-3322,home,51.14,254
3323,toys-3323,toys,52.51,261
3324,food-3324,food,53.88,268
3325,electronics-3325,electronics,55.25,275
3326,clothing-3326,clothing,56.62,282
3327,books-3327,books,57.99,289
3328,home-3328,home,59.36,296
3329,toys-3329,toys,60.73,303
3330,food-3330,food,62.10,310
3331,electronics-3331,electronics,63.47,317
3332,clothing-3332,clothing,64.84,324
3333,books-3333,books,66.21,331
3334,home-3334,home,67.58,338
3335,toys-3335,toys,68.95,345
3336,food-3336,food,70.32,352
3337,electronics-3337,electronics,71.69,359
3338,clothing-3338,clothing,73.06,366
3339,books-3339,books,74.43,373
3340,home-3340,home,75.80,380
3341,toys-3341,toys,77.17,387
3342,food-3342,food,78.54,394
3343,electronics-3343,electronics,79.91,401
3344,clothing-3344,clothing,81.28,408
3345,books-3345,books,82.65,415
3346,home-3346,home,84.02,422
3347,toys-3347,toys,85.39,429
3348,food-3348,food,86.76,436
3349,electronics-3349,electronics,88.13,443
3350,clothing-3350,clothing,89.50,450
3351,books-3351,books,90.87,457
3352,home-3352,home,92.24,464
3353,toys-3353,toys,93.61,471
3354,food-3354,food,94.98,478
3355,electronics-3355,electronics,96.35,485
3356,clothing-3356,clothing,97.72,492
3357,books-3357,books,99.09,499
3358,home-3358,home,0.46,6
3359,toys-3359,toys,1.83,13
3360,food-3360,food,3.20,20
3361,electronics-3361,electronics,4.57,27
3362,clothing-3362,clothing,5.94,34
3363,books-3363,books,7.31,41
3364,home-3364,home,8.68,48
3365,toys-3365,toys,10.05,55
3366,food-3366,food,11.42,62
3367,electronics-3367,electronics,12.79,69
3368,clothing-3368,clothing,14.16,76
3369,books-3369,books,15.53,83
3370,home-3370,home,16.90,90
3371,toys-3371,toys,18.27,97
3372,food-3372,food,19.64,104
3373,electronics-3373,electronics,21.01,111
3374,clothing-3374,clothing,22.38,118
3375,books-3375,books,23.75,125
3376,home-3376,home,25.12,132
3377,toys-3377,toys,26.49,139
3378,food-3378,food,27.86,146
3379,electronics-3379,electronics,29.23,153
3380,clothing-3380,clothing,30.60,160
3381,books-3381,books,31.97,167
3382,home-3382,home,33.34,174
3383,toys-3383,toys,34.71,181
3384,food-3384,food,36.08,188
3385,electronics-3385,electronics,37.45,195
3386,clothing-3386,clothing,38.82,202
3387,books-3387,books,40.19,209
3388,home-3388,home,41.56,216
3389,toys-3389,toys,42.93,223
3390,food-3390,food,44.30,230
3391,electronics-3391,electronics,45.67,237
3392,clothing-3392,clothing,47.04,244
3393,books-3393,books,48.41,251
3394,home-3394,home,49.78,258
3395,toys-3395,toys,51.15,265
3396,food-3396,food,52.52,272
3397,electronics-3397,electronics,53.89,279
3398,clothing-3398,clothing,55.26,286
3399,books-3399,books,56.63,293
3400,home-3400,home,58.00,300
3401,toys-3401,toys,59.37,307
3402,food-3402,food,60.74,314
3403,electronics-3403,electronics,62.11,321
3404,clothing-3404,clothing,63.48,328
3405,books-3405,books,64.85,335
3406,home-3406,home,66.22,342
3407,toys-3407,toys,67.59,349
3408,food-3408,food,68.96,356
3409,electronics-3409,electronics,70.33,363
3410,clothing-3410,clothing,71.70,370
3411,books-3411,books,73.07,377
3412,home-3412,home,74.44,384
3413,toys-3413,toys,75.81,391
3414,food-3414,food,77.18,398
3415,electronics-3415,electronics,78.55,405
3416,clothing-3416,clothing,79.92,412
3417,books-3417,books,81.29,419
3418,home-3418,home,82.66,426
3419,toys-3419,toys,84.03,433
3420,food-3420,food,85.40,440
3421,electronics-3421,electronics,86.77,447
3422,clothing-3422,clothing,88.14,454
3423,books-3423,books,89.51,461
3424,home-3424,home,90.88,468
3425,toys-3425,toys,92.25,475
3426,food-3426,food,93.62,482
3427,electronics-3427,electronics,94.99,489
3428,clothing-3428,clothing,96.36,496
3429,books-3429,books,97.73,3
3430,home-3430,home,99.10,10
3431,toys-3431,toys,0.47,17
3432,food-3432,food,1.84,24
3433,electronics-3433,electronics,3.21,31
3434,clothing-3434,clothing,4.58,38
3435,books-3435,books,5.95,45
3436,home-3436,home,7.32,52
3437,toys-3437,toys,8.69,59
3438,food-3438,food,10.06,66
3439,electronics-3439,electronics,11.43,73
3440,clothing-3440,clothing,12.80,80
3441,books-3441,books,14.17,87
3442,home-3442,home,15.54,94
3443,toys-3443,toys,16.91,101
3444,food-3444,food,18.28,108
3445,electronics-3445,electronics,19.65,115
3446,clothing-3446,clothing,21.02,122
3447,books-3447,books,22.39,129
3448,home-3448,home,23.76,136
3449,toys-3449,toys,25.13,143
3450,food-3450,food,26.50,150
3451,electronics-3451,electronics,27.87,157
3452,clothing-3452,clothing,29.24,164
3453,books-3453,books,30.61,171
3454,home-3454,home,31.98,178
3455,toys-3455,toys,33.35,185
3456,food-3456,food,34.72,192
3457,electronics-3457,electronics,36.09,199
3458,clothing-3458,clothing,37.46,206
3459,books-3459,books,38.83,213
3460,home-3460,home,40.20,220
3461,toys-3461,toys,41.57,227
3462,food-3462,food,42.94,234
3463,electronics-3463,electronics,44.31,241
3464,clothing-3464,clothing,45.68,248
3465,books-3465,books,47.05,255
3466,home-3466,home,48.42,262
3467,toys-3467,toys,49.79,269
3468,food-3468,food,51.16,276
3469,electronics-3469,electronics,52.53,283
3470,clothing-3470,clothing,53.90,290
3471,books-3471,books,55.27,297
3472,home-3472,home,56.64,304
3473,toys-3473,toys,58.01,311
3474,food-3474,food,59.38,318
3475,electronics-3475,electronics,60.75,325
3476,clothing-3476,clothing,62.12,332
3477,books-3477,books,63.49,339
3478,home-3478,home,64.86,346
3479,toys-3479,toys,66.23,353
3480,food-3480,food,67.60,360
3481,electronics-3481,electronics,68.97,367
3482,clothing-3482,clothing,70.34,374
3483,books-3483,books,71.71,381
3484,home-3484,home,73.08,388
3485,toys-3485,toys,74.45,395
3486,food-3486,food,75.82,402
3487,electronics-3487,electronics,77.19,409
3488,clothing-3488,clothing,78.56,416
3489,books-3489,books,79.93,423
3490,home-3490,home,81.30,430
3491,toys-3491,toys,82.67,437
3492,food-3492,food,84.04,444
3493,electronics-3493,electronics,85.41,451
3494,clothing-3494,clothing,86.78,458
3495,books-3495,books,88.15,465
3496,home-3496,home,89.52,472
3497,toys-3497,toys,90.89,479
3498,food-3498,food,92.26,486
3499,electronics-3499,electronics,93.63,493
3500,clothing-3500,clothing,95.00,0
3501,books-3501,books,96.37,7
3502,home-3502,home,97.74,14
3503,toys-3503,toys,99.11,21
3504,food-3504,food,0.48,28
3505,electronics-3505,electronics,1.85,35
3506,clothing-3506,clothing,3.22,42
3507,books-3507,books,4.59,49
3508,home-3508,home,5.96,56
3509,toys-3509,toys,7.33,63
3510,food-3510,food,8.70,70
3511,electronics-3511,electronics,10.07,77
3512,clothing-3512,clothing,11.44,84
3513,books-3513,books,12.81,91
3514,home-3514,home,14.18,98
3515,toys-3515,toys,15.55,105
3516,food-3516,food,16.92,112
3517,electronics-3517,electronics,18.29,119
3518,clothing-3518,clothing,19.66,126
3519,books-3519,books,21.03,133
3520,home-3520,home,22.40,140
3521,toys-3521,toys,23.77,147
3522,food-3522,food,25.14,154
3523,electronics-3523,electronics,26.51,161
3524,clothing-3524,clothing,27.88,168
3525,books-3525,books,29.25,175
3526,home-3526,home,30.62,182
3527,toys-3527,toys,31.99,189
3528,food-3528,food,33.36,196
3529,electronics-3529,electronics,34.73,203
3530,clothing-3530,clothing,36.10,210
3531,books-3531,books,37.47,217
3532,home-3532,home,38.84,224
3533,toys-3533,toys,40.21,231
3534,food-3534,food,41.58,238
3535,electronics-3535,electronics,42.95,245
3536,clothing-3536,clothing,44.32,252
3537,books-3537,books,45.69,259
3538,home-3538,home,47.06,266
3539,toys-3539,toys,48.43,273
3540,food-3540,food,49.80,280
3541,electronics-3541,electronics,51.17,287
3542,clothing-3542,clothing,52.54,294
3543,books-3543,books,53.91,301
3544,home-3544,home,55.28,308
3545,toys-3545,toys,56.65,315
3546,food-3546,food,58.02,322
3547,electronics-3547,electronics,59.39,329
3548,clothing-3548,clothing,60.76,336
3549,books-3549,books,62.13,343
3550,home-3550,home,63.50,350
3551,toys-3551,toys,64.87,357
3552,food-3552,food,66.24,364
3553,electronics-3553,electronics,67.61,371
3554,clothing-3554,clothing,68.98,378
3555,books-3555,books,70.35,385
3556,home-3556,home,71.72,392
3557,toys-3557,toys,73.09,399
3558,food-3558,food,74.46,406
3559,electronics-3559,electronics,75.83,413
3560,clothing-3560,clothing,77.20,420
3561,books-3561,books,78.57,427
3562,home-3562,home,79.94,434
3563,toys-3563,toys,81.31,441
3564,food-3564,food,82.68,448
3565,electronics-3565,electronics,84.05,455
3566,clothing-3566,clothing,85.42,462
3567,books-3567,books,86.79,469
3568,home-3568,home,88.16,476
3569,toys-3569,toys,89.53,483
3570,food-3570,food,90.90,490
3571,electronics-3571,electronics,92.27,497
3572,clothing-3572,clothing,93.64,4
3573,books-3573,books,95.01,11
3574,home-3574,home,96.38,18
3575,toys-3575,toys,97.75,25
3576,food-3576,food,99.12,32
3577,electronics-3577,electronics,0.49,39
3578,clothing-3578,clothing,1.86,46
3579,books-3579,books,3.23,53
3580,home-3580,home,4.60,60
3581,toys-3581,toys,5.97,67
3582,food-3582,food,7.34,74
3583,electronics-3583,electronics,8.71,81
3584,clothing-3584,clothing,10.08,88
3585,books-3585,books,11.45,95
3586,home-3586,home,12.82,102
3587,toys-3587,toys,14.19,109
3588,food-3588,food,15.56,116
3589,electronics-3589,electronics,16.93,123
3590,clothing-3590,clothing,18.30,130
3591,books-3591,books,19.67,137
3592,home-3592,home,21.04,144
3593,toys-3593,toys,22.41,151
3594,food-3594,food,23.78,158
3595,electronics-3595,electronics,25.15,165
3596,clothing-3596,clothing,26.52,172
3597,books-3597,books,27.89,179
3598,home-3598,home,29.26,186
3599,toys-3599,toys,30.63,193
3600,food-3600,food,32.00,200
3601,electronics-3601,electronics,33.37,207
3602,clothing-3602,clothing,34.74,214
3603,books-3603,books,36.11,221
3604,home-3604,home,37.48,228
3605,toys-3605,toys,38.85,235
3606,food-3606,food,40.22,242
3607,electronics-3607,electronics,41.59,249
3608,clothing-3608,clothing,42.96,256
3609,books-3609,books,44.33,263
3610,home-3610,home,45.70,270
3611,toys-3611,toys,47.07,277
3612,food-3612,food,48.44,284
3613,electronics-3613,electronics,49.81,291
3614,clothing-3614,clothing,51.18,298
3615,books-3615,books,52.55,305
3616,home-3616,home,53.92,312
3617,toys-3617,toys,55.29,319
3618,food-3618,food,56.66,326
3619,electronics-3619,electronics,58.03,333
3620,clothing-3620,clothing,59.40,340
3621,books-3621,books,60.77,347
3622,home-3622,home,62.14,354
3623,toys-3623,toys,63.51,361
3624,food-3624,food,64.88,368
3625,electronics-3625,electronics,66.25,375
3626,clothing-3626,clothing,67.62,382
3627,books-3627,books,68.99,389
3628,home-3628,home,70.36,396
3629,toys-3629,toys,71.73,403
3630,food-3630,food,73.10,410
3631,electronics-3631,electronics,74.47,417
3632,clothing-3632,clothing,75.84,424
3633,books-3633,books,77.21,431
3634,home-3634,home,78.58,438
3635,toys-3635,toys,79.95,445
3636,food-3636,food,81.32,452
3637,electronics-3637,electronics,82.69,459
3638,clothing-3638,clothing,84.06,466
3639,books-3639,books,85.43,473
3640,home-3640,home,86.80,480
3641,toys-3641,toys,88.17,487
3642,food-3642,food,89.54,494
3643,electronics-3643,electronics,90.91,1
3644,clothing-3644,clothing,92.28,8
3645,books-3645,books,93.65,15
3646,home-3646,home,95.02,22
3647,toys-3647,toys,96.39,29
3648,food-3648,food,97.76,36
3649,electronics-3649,electronics,99.13,43
3650,clothing-3650,clothing,0.50,50
3651,books-3651,books,1.87,57
3652,home-3652,home,3.24,64
3653,toys-3653,toys,4.61,71
3654,food-3654,food,5.98,78
3655,electronics-3655,electronics,7.35,85
3656,clothing-3656,clothing,8.72,92
3657,books-3657,books,10.09,99
3658,home-3658,home,11.46,106
3659,toys-3659,toys,12.83,113
3660,food-3660,food,14.20,120
3661,electronics-3661,electronics,15.57,127
3662,clothing-3662,clothing,16.94,134
3663,books-3663,books,18.31,141
3664,home-3664,home,19.68,148
3665,toys-3665,toys,21.05,155
3666,food-3666,food,22.42,162
3667,electronics-3667,electronics,23.79,169
3668,clothing-3668,clothing,25.16,176
3669,books-3669,books,26.53,183
3670,home-3670,home,27.90,190
3671,toys-3671,toys,29.27,197
3672,food-3672,food,30.64,204
3673,electronics-3673,electronics,32.01,211
3674,clothing-3674,clothing,33.38,218
3675,books-3675,books,34.75,225
3676,home-3676,home,36.12,232
3677,toys-3677,toys,37.49,239
3678,food-3678,food,38.86,246
3679,electronics-3679,electronics,40.23,253
3680,clothing-3680,clothing,41.60,260
3681,books-3681,books,42.97,267
3682,home-3682,home,44.34,274
3683,toys-3683,toys,45.71,281
3684,food-3684,food,47.08,288
3685,electronics-3685,electronics,48.45,295
3686,clothing-3686,clothing,49.82,302
3687,books-3687,books,51.19,309
3688,home-3688,home,52.56,316
3689,toys-3689,toys,53.93,323
3690,food-3690,food,55.30,330
3691,electronics-3691,electronics,56.67,337
3692,clothing-3692,clothing,58.04,344
3693,books-3693,books,59.41,351
3694,home-3694,home,60.78,358
3695,toys-3695,toys,62.15,365
3696,food-3696,food,63.52,372
3697,electronics-3697,electronics,64.89,379
3698,clothing-3698,clothing,66.26,386
3699,books-3699,books,67.63,393
3700,home-3700,home,69.00,400
3701,toys-3701,toys,70.37,407
3702,food-3702,food,71.74,414
3703,electronics-3703,electronics,73.11,421
3704,clothing-3704,clothing,74.48,428
3705,books-3705,books,75.85,435
3706,home-3706,home,77.22,442
3707,toys-3707,toys,78.59,449
3708,food-3708,food,79.96,456
3709,electronics-3709,electronics,81.33,463
3710,clothing-3710,clothing,82.70,470
3711,books-3711,books,84.07,477
3712,home-3712,home,85.44,484
3713,toys-3713,toys,86.81,491
3714,food-3714,food,88.18,498
3715,electronics-3715,electronics,89.55,5
3716,clothing-3716,clothing,90.92,12
3717,books-3717,books,92.29,19
3718,home-3718,home,93.66,26
3719,toys-3719,toys,95.03,33
3720,food-3720,food,96.40,40
3721,electronics-3721,electronics,97.77,47
3722,clothing-3722,clothing,99.14,54
3723,books-3723,books,0.51,61
3724,home-3724,home,1.88,68
3725,toys-3725,toys,3.25,75
3726,food-3726,food,4.62,82
3727,electronics-3727,electronics,5.99,89
3728,clothing-3728,clothing,7.36,96
3729,books-3729,books,8.73,103
3730,home-3730,home,10.10,110
3731,toys-3731,toys,11.47,117
3732,food-3732,food,12.84,124
3733,electronics-3733,electronics,14.21,131
3734,clothing-3734,clothing,15.58,138
3735,books-3735,books,16.95,145
3736,home-3736,home,18.32,152
3737,toys-3737,toys,19.69,159
3738,food-3738,food,21.06,166
3739,electronics-3739,electronics,22.43,173
3740,clothing-3740,clothing,23.80,180
3741,books-3741,books,25.17,187
3742,home-3742,home,26.54,194
3743,toys-3743,toys,27.91,201
3744,food-3744,food,29.28,208
3745,electronics-3745,electronics,30.65,215
3746,clothing-3746,clothing,32.02,222
3747,books-3747,books,33.39,229
3748,home-3748,home,34.76,236
3749,toys-3749,toys,36.13,243
3750,food-3750,food,37.50,250
3751,electronics-3751,electronics,38.87,257
3752,clothing-3752,clothing,40.24,264
3753,books-3753,books,41.61,271
3754,home-3754,home,42.98,278
3755,toys-3755,toys,44.35,285
3756,food-3756,food,45.72,292
3757,electronics-3757,electronics,47.09,299
3758,clothing-3758,clothing,48.46,306
3759,books-3759,books,49.83,313
3760,home-3760,home,51.20,320
3761,toys-3761,toys,52.57,327
3762,food-3762,food,53.94,334
3763,electronics-3763,electronics,55.31,341
3764,clothing-3764,clothing,56.68,348
3765,books-3765,books,58.05,355
3766,home-3766,home,59.42,362
3767,toys-3767,toys,60.79,369
3768,food-3768,food,62.16,376
3769,electronics-3769,electronics,63.53,383
3770,clothing-3770,clothing,64.90,390
3771,books-3771,books,66.27,397
3772,home-3772,home,67.64,404
3773,toys-3773,toys,69.01,411
3774,food-3774,food,70.38,418
3775,electronics-3775,electronics,71.75,425
3776,clothing-3776,clothing,73.12,432
3777,books-3777,books,74.49,439
3778,home-3778,home,75.86,446
3779,toys-3779,toys,77.23,453
3780,food-3780,food,78.60,460
3781,electronics-3781,electronics,79.97,467
3782,clothing-3782,clothing,81.34,474
3783,books-3783,books,82.71,481
3784,home-3784,home,84.08,488
3785,toys-3785,toys,85.45,495
3786,food-3786,food,86.82,2
3787,electronics-3787,electronics,88.19,9
3788,clothing-3788,clothing,89.56,16
3789,books-3789,books,90.93,23
3790,home-3790,home,92.30,30
3791,toys-3791,toys,93.67,37
3792,food-3792,food,95.04,44
3793,electronics-3793,electronics,96.41,51
3794,clothing-3794,clothing,97.78,58
3795,books-3795,books,99.15,65
3796,home-3796,home,0.52,72
3797,toys-3797,toys,1.89,79
3798,food-3798,food,3.26,86
3799,electronics-3799,electronics,4.63,93
3800,clothing-3800,clothing,6.00,100
3801,books-3801,books,7.37,107
3802,home-3802,home,8.74,114
3803,toys-3803,toys,10.11,121
3804,food-3804,food,11.48,128
3805,electronics-3805,electronics,12.85,135
3806,clothing-3806,clothing,14.22,142
3807,books-3807,books,15.59,149
3808,home-3808,home,16.96,156
3809,toys-3809,toys,18.33,163
3810,food-3810,food,19.70,170
3811,electronics-3811,electronics,21.07,177
3812,clothing-3812,clothing,22.44,184
3813,books-3813,books,23.81,191
3814,home-3814,home,25.18,198
3815,toys-3815,toys,26.55,205
3816,food-3816,food,27.92,212
3817,electronics-3817,electronics,29.29,219
3818,clothing-3818,clothing,30.66,226
3819,books-3819,books,32.03,233
3820,home-3820,home,33.40,240
3821,toys-3821,toys,34.77,247
3822,food-3822,food,36.14,254
3823,electronics-3823,electronics,37.51,261
3824,clothing-3824,clothing,38.88,268
3825,books-3825,books,40.25,275
3826,home-3826,home,41.62,282
3827,toys-3827,toys,42.99,289
3828,food-3828,food,44.36,296
3829,electronics-3829,electronics,45.73,303
3830,clothing-3830,clothing,47.10,310
3831,books-3831,books,48.47,317
3832,home-3832,home,49.84,324
3833,toys-3833,toys,51.21,331
3834,food-3834,food,52.58,338
3835,electronics-3835,electronics,53.95,345
3836,clothing-3836,clothing,55.32,352
3837,books-3837,books,56.69,359
3838,home-3838,home,58.06,366
3839,toys-3839,toys,59.43,373
3840,food-3840,food,60.80,380
3841,electronics-3841,electronics,62.17,387
3842,clothing-3842,clothing,63.54,394
3843,books-3843,books,64.91,401
3844,home-3844,home,66.28,408
3845,toys-3845,toys,67.65,415
3846,food-3846,food,69.02,422
3847,electronics-3847,electronics,70.39,429
3848,clothing-3848,clothing,71.76,436
3849,books-3849,books,73.13,443
3850,home-3850,home,74.50,450
3851,toys-3851,toys,75.87,457
3852,food-3852,food,77.24,464
3853,electronics-3853,electronics,78.61,471
3854,clothing-3854,clothing,79.98,478
3855,books-3855,books,81.35,485
3856,home-3856,home,82.72,492
3857,toys-3857,toys,84.09,499
3858,food-3858,food,85.46,6
3859,electronics-3859,electronics,86.83,13
3860,clothing-3860,clothing,88.20,20
3861,books-3861,books,89.57,27
3862,home-3862,home,90.94,34
3863,toys-3863,toys,92.31,41
3864,food-3864,food,93.68,48
3865,electronics-3865,electronics,95.05,55
3866,clothing-3866,clothing,96.42,62
3867,books-3867,books,97.79,69
3868,home-3868,home,99.16,76
3869,toys-3869,toys,0.53,83
3870,food-3870,food,1.90,90
3871,electronics-3871,electronics,3.27,97
3872,clothing-3872,clothing,4.64,104
3873,books-3873,books,6.01,111
3874,home-3874,home,7.38,118
3875,toys-3875,toys,8.75,125
3876,food-3876,food,10.12,132
3877,electronics-3877,electronics,11.49,139
3878,clothing-3878,clothing,12.86,146
3879,books-3879,books,14.23,153
3880,home-3880,home,15.60,160
3881,toys-3881,toys,16.97,167
3882,food-3882,food,18.34,174
3883,electronics-3883,electronics,19.71,181
3884,clothing-3884,clothing,21.08,188
3885,books-3885,books,22.45,195
3886,home-3886,home,23.82,202
3887,toys-3887,toys,25.19,209
3888,food-3888,food,26.56,216
3889,electronics-3889,electronics,27.93,223
3890,clothing-3890,clothing,29.30,230
3891,books-3891,books,30.67,237
3892,home-3892,home,32.04,244
3893,toys-3893,toys,33.41,251
3894,food-3894,food,34.78,258
3895,electronics-3895,electronics,36.15,265
3896,clothing-3896,clothing,37.52,272
3897,books-3897,books,38.89,279
3898,home-3898,home,40.26,286
3899,toys-3899,toys,41.63,293
3900,food-3900,food,43.00,300
3901,electronics-3901,electronics,44.37,307
3902,clothing-3902,clothing,45.74,314
3903,books-3903,books,47.11,321
3904,home-3904,home,48.48,328
3905,toys-3905,toys,49.85,335
3906,food-3906,food,51.22,342
3907,electronics-3907,electronics,52.59,349
3908,clothing-3908,clothing,53.96,356
3909,books-3909,books,55.33,363
3910,home-3910,home,56.70,370
3911,toys-3911,toys,58.07,377
3912,food-3912,food,59.44,384
3913,electronics-3913,electronics,60.81,391
3914,clothing-3914,clothing,62.18,398
3915,books-3915,books,63.55,405
3916,home-3916,home,64.92,412
3917,toys-3917,toys,66.29,419
3918,food-3918,food,67.66,426
3919,electronics-3919,electronics,69.03,433
3920,clothing-3920,clothing,70.40,440
3921,books-3921,books,71.77,447
3922,home-3922,home,73.14,454
3923,toys-3923,toys,74.51,461
3924,food-3924,food,75.88,468
3925,electronics-3925,electronics,77.25,475
3926,clothing-3926,clothing,78.62,482
3927,books-3927,books,79.99,489
3928,home-3928,home,81.36,496
3929,toys-3929,toys,82.73,3
3930,food-3930,food,84.10,10
3931,electronics-3931,electronics,85.47,17
3932,clothing-3932,clothing,86.84,24
3933,books-3933,books,88.21,31
3934,home-3934,home,89.58,38
3935,toys-3935,toys,90.95,45
3936,food-3936,food,92.32,52
3937,electronics-3937,electronics,93.69,59
3938,clothing-3938,clothing,95.06,66
3939,books-3939,books,96.43,73
3940,home-3940,home,97.80,80
3941,toys-3941,toys,99.17,87
3942,food-3942,food,0.54,94
3943,electronics-3943,electronics,1.91,101
3944,clothing-3944,clothing,3.28,108
3945,books-3945,books,4.65,115
3946,home-3946,home,6.02,122
3947,toys-3947,toys,7.39,129
3948,food-3948,food,8.76,136
3949,electronics-3949,electronics,10.13,143
3950,clothing-3950,clothing,11.50,150
3951,books-3951,books,12.87,157
3952,home-3952,home,14.24,164
3953,toys-3953,toys,15.61,171
3954,food-3954,food,16.98,178
3955,electronics-3955,electronics,18.35,185
3956,clothing-3956,clothing,19.72,192
3957,books-3957,books,21.09,199
3958,home-3958,home,22.46,206
3959,toys-3959,toys,23.83,213
3960,food-3960,food,25.20,220
3961,electronics-3961,electronics,26.57,227
3962,clothing-3962,clothing,27.94,234
3963,books-3963,books,29.31,241
3964,home-3964,home,30.68,248
3965,toys-3965,toys,32.05,255
3966,food-3966,food,33.42,262
3967,electronics-3967,electronics,34.79,269
3968,clothing-3968,clothing,36.16,276
3969,books-3969,books,37.53,283
3970,home-3970,home,38.90,290
3971,toys-3971,toys,40.27,297
3972,food-3972,food,41.64,304
3973,electronics-3973,electronics,43.01,311
3974,clothing-3974,clothing,44.38,318
3975,books-3975,books,45.75,325
3976,home-3976,home,47.12,332
3977,toys-3977,toys,48.49,339
3978,food-3978,food,49.86,346
3979,electronics-3979,electronics,51.23,353
3980,clothing-3980,clothing,52.60,360
3981,books-3981,books,53.97,367
3982,home-3982,home,55.34,374
3983,toys-3983,toys,56.71,381
3984,food-3984,food,58.08,388
3985,electronics-3985,electronics,59.45,395
3986,clothing-3986,clothing,60.82,402
3987,books-3987,books,62.19,409
3988,home-3988,home,63.56,416
3989,toys-3989,toys,64.93,423
3990,food-3990,food,66.30,430
3991,electronics-3991,electronics,67.67,437
3992,clothing-3992,clothing,69.04,444
3993,books-3993,books,70.41,451
3994,home-3994,home,71.78,458
3995,toys-3995,toys,73.15,465
3996,food-3996,food,74.52,472
3997,electronics-3997,electronics,75.89,479
3998,clothing-3998,clothing,77.26,486
3999,books-3999,books,78.63,493
4000,home-4000,home,80.00,0
4001,toys-4001,toys,81.37,7
4002,food-4002,food,82.74,14
4003,electronics-4003,electronics,84.11,21
4004,clothing-4004,clothing,85.48,28
4005,books-4005,books,86.85,35
4006,home-4006,home,88.22,42
4007,toys-4007,toys,89.59,49
4008,food-4008,food,90.96,56
4009,electronics-4009,electronics,92.33,63
4010,clothing-4010,clothing,93.70,70
4011,books-4011,books,95.07,77
4012,home-4012,home,96.44,84
4013,toys-4013,toys,97.81,91
4014,food-4014,food,99.18,98
4015,electronics-4015,electronics,0.55,105
4016,clothing-4016,clothing,1.92,112
4017,books-4017,books,3.29,119
4018,home-4018,home,4.66,126
4019,toys-4019,toys,6.03,133
4020,food-4020,food,7.40,140
4021,electronics-4021,electronics,8.77,147
4022,clothing-4022,clothing,10.14,154
4023,books-4023,books,11.51,161
4024,home-4024,home,12.88,168
4025,toys-4025,toys,14.25,175
4026,food-4026,food,15.62,182
4027,electronics-4027,electronics,16.99,189
4028,clothing-4028,clothing,18.36,196
4029,books-4029,books,19.73,203
4030,home-4030,home,21.10,210
4031,toys-4031,toys,22.47,217
4032,food-4032,food,23.84,224
4033,electronics-4033,electronics,25.21,231
4034,clothing-4034,clothing,26.58,238
4035,books-4035,books,27.95,245
4036,home-4036,home,29.32,252
4037,toys-4037,toys,30.69,259
4038,food-4038,food,32.06,266
4039,electronics-4039,electronics,33.43,273
4040,clothing-4040,clothing,34.80,280
4041,books-4041,books,36.17,287
4042,home-4042,home,37.54,294
4043,toys-4043,toys,38.91,301
4044,food-4044,food,40.28,308
4045,electronics-4045,electronics,41.65,315
4046,clothing-4046,clothing,43.02,322
4047,books-4047,books,44.39,329
4048,home-4048,home,45.76,336
4049,toys-4049,toys,47.13,343
4050,food-4050,food,48.50,350
4051,electronics-4051,electronics,49.87,357
4052,clothing-4052,clothing,51.24,364
4053,books-4053,books,52.61,371
4054,home-4054,home,53.98,378
4055,toys-4055,toys,55.35,385
4056,food-4056,food,56.72,392
4057,electronics-4057,electronics,58.09,399
4058,clothing-4058,clothing,59.46,406
4059,books-4059,books,60.83,413
4060,home-4060,home,62.20,420
4061,toys-4061,toys,63.57,427
4062,food-4062,food,64.94,434
4063,electronics-4063,electronics,66.31,441
4064,clothing-4064,clothing,67.68,448
4065,books-4065,books,69.05,455
4066,home-4066,home,70.42,462
4067,toys-4067,toys,71.79,469
4068,food-4068,food,73.16,476
4069,electronics-4069,electronics,74.53,483
4070,clothing-4070,clothing,75.90,490
4071,books-4071,books,77.27,497
4072,home-4072,home,78.64,4
4073,toys-4073,toys,80.01,11
4074,food-4074,food,81.38,18
4075,electronics-4075,electronics,82.75,25
4076,clothing-4076,clothing,84.12,32
4077,books-4077,books,85.49,39
4078,home-4078,home,86.86,46
4079,toys-4079,toys,88.23,53
4080,food-4080,food,89.60,60
4081,electronics-4081,electronics,90.97,67
4082,clothing-4082,clothing,92.34,74
4083,books-4083,books,93.71,81
4084,home-4084,home,95.08,88
4085,toys-4085,toys,96.45,95
4086,food-4086,food,97.82,102
4087,electronics-4087,electronics,99.19,109
4088,clothing-4088,clothing,0.56,116
4089,books-4089,books,1.93,123
4090,home-4090,home,3.30,130
4091,toys-4091,toys,4.67,137
4092,food-4092,food,6.04,144
4093,electronics-4093,electronics,7.41,151
4094,clothing-4094,clothing,8.78,158
4095,books-4095,books,10.15,165
4096,home-4096,home,11.52,172
4097,toys-4097,toys,12.89,179
4098,food-4098,food,14.26,186
4099,electronics-4099,electronics,15.63,193
4100,clothing-4100,clothing,17.00,200
4101,books-4101,books,18.37,207
4102,home-4102,home,19.74,214
4103,toys-4103,toys,21.11,221
4104,food-4104,food,22.48,228
4105,electronics-4105,electronics,23.85,235
4106,clothing-4106,clothing,25.22,242
4107,books-4107,books,26.59,249
4108,home-4108,home,27.96,256
4109,toys-4109,toys,29.33,263
4110,food-4110,food,30.70,270
4111,electronics-4111,electronics,32.07,277
4112,clothing-4112,clothing,33.44,284
4113,books-4113,books,34.81,291
4114,home-4114,home,36.18,298
4115,toys-4115,toys,37.55,305
4116,food-4116,food,38.92,312
4117,electronics-4117,electronics,40.29,319
4118,clothing-4118,clothing,41.66,326
4119,books-4119,books,43.03,333
4120,home-4120,home,44.40,340
4121,toys-4121,toys,45.77,347
4122,food-4122,food,47.14,354
4123,electronics-4123,electronics,48.51,361
4124,clothing-4124,clothing,49.88,368
4125,books-4125,books,51.25,375
4126,home-4126,home,52.62,382
4127,toys-4127,toys,53.99,389
4128,food-4128,food,55.36,396
4129,electronics-4129,electronics,56.73,403
4130,clothing-4130,clothing,58.10,410
4131,books-4131,books,59.47,417
4132,home-4132,home,60.84,424
4133,toys-4133,toys,62.21,431
4134,food-4134,food,63.58,438
4135,electronics-4135,electronics,64.95,445
4136,clothing-4136,clothing,66.32,452
4137,books-4137,books,67.69,459
4138,home-4138,home,69.06,466
4139,toys-4139,toys,70.43,473
4140,food-4140,food,71.80,480
4141,electronics-4141,electronics,73.17,487
4142,clothing-4142,clothing,74.54,494
4143,books-4143,books,75.91,1
4144,home-4144,home,77.28,8
4145,toys-4145,toys,78.65,15
4146,food-4146,food,80.02,22
4147,electronics-4147,electronics,81.39,29
4148,clothing-4148,clothing,82.76,36
4149,books-4149,books,84.13,43
4150,home-4150,home,85.50,50
4151,toys-4151,toys,86.87,57
4152,food-4152,food,88.24,64
4153,electronics-4153,electronics,89.61,71
4154,clothing-4154,clothing,90.98,78
4155,books-4155,books,92.35,85
4156,home-4156,home,93.72,92
4157,toys-4157,toys,95.09,99
4158,food-4158,food,96.46,106
4159,electronics-4159,electronics,97.83,113
4160,clothing-4160,clothing,99.20,120
4161,books-4161,books,0.57,127
4162,home-4162,home,1.94,134
4163,toys-4163,toys,3.31,141
4164,food-4164,food,4.68,148
4165,electronics-4165,electronics,6.05,155
4166,clothing-4166,clothing,7.42,162
4167,books-4167,books,8.79,169
4168,home-4168,home,10.16,176
4169,toys-4169,toys,11.53,183
4170,food-4170,food,12.90,190
4171,electronics-4171,electronics,14.27,197
4172,clothing-4172,clothing,15.64,204
4173,books-4173,books,17.01,211
4174,home-4174,home,18.38,218
4175,toys-4175,toys,19.75,225
4176,food-4176,food,21.12,232
4177,electronics-4177,electronics,22.49,239
4178,clothing-4178,clothing,23.86,246
4179,books-4179,books,25.23,253
4180,home-4180,home,26.60,260
4181,toys-4181,toys,27.97,267
4182,food-4182,food,29.34,274
4183,electronics-4183,electronics,30.71,281
4184,clothing-4184,clothing,32.08,288
4185,books-4185,books,33.45,295
4186,home-4186,home,34.82,302
4187,toys-4187,toys,36.19,309
4188,food-4188,food,37.56,316
4189,electronics-4189,electronics,38.93,323
4190,clothing-4190,clothing,40.30,330
4191,books-4191,books,41.67,337
4192,home-4192,home,43.04,344
4193,toys-4193,toys,44.41,351
4194,food-4194,food,45.78,358
4195,electronics-4195,electronics,47.15,365
4196,clothing-4196,clothing,48.52,372
4197,books-4197,books,49.89,379
4198,home-4198,home,51.26,386
4199,toys-4199,toys,52.63,393
4200,food-4200,food,54.00,400
4201,electronics-4201,electronics,55.37,407
4202,clothing-4202,clothing,56.74,414
4203,books-4203,books,58.11,421
4204,home-4204,home,59.48,428
4205,toys-4205,toys,60.85,435
4206,food-4206,food,62.22,442
4207,electronics-4207,electronics,63.59,449
4208,clothing-4208,clothing,64.96,456
4209,books-4209,books,66.33,463
4210,home-4210,home,67.70,470
4211,toys-4211,toys,69.07,477
4212,food-4212,food,70.44,484
4213,electronics-4213,electronics,71.81,491
4214,clothing-4214,clothing,73.18,498
4215,books-4215,books,74.55,5
4216,home-4216,home,75.92,12
4217,toys-4217,toys,77.29,19
4218,food-4218,food,78.66,26
4219,electronics-4219,electronics,80.03,33
4220,clothing-4220,clothing,81.40,40
4221,books-4221,books,82.77,47
4222,home-4222,home,84.14,54
4223,toys-4223,toys,85.51,61
4224,food-4224,food,86.88,68
4225,electronics-4225,electronics,88.25,75
4226,clothing-4226,clothing,89.62,82
4227,books-4227,books,90.99,89
4228,home-4228,home,92.36,96
4229,toys-4229,toys,93.73,103
4230,food-4230,food,95.10,110
4231,electronics-4231,electronics,96.47,117
4232,clothing-4232,clothing,97.84,124
4233,books-4233,books,99.21,131
4234,home-4234,home,0.58,138
4235,toys-4235,toys,1.95,145
4236,food-4236,food,3.32,152
4237,electronics-4237,electronics,4.69,159
4238,clothing-4238,clothing,6.06,166
4239,books-4239,books,7.43,173
4240,home-4240,home,8.80,180
4241,toys-4241,toys,10.17,187
4242,food-4242,food,11.54,194
4243,electronics-4243,electronics,12.91,201
4244,clothing-4244,clothing,14.28,208
4245,books-4245,books,15.65,215
4246,home-4246,home,17.02,222
4247,toys-4247,toys,18.39,229
4248,food-4248,food,19.76,236
4249,electronics-4249,electronics,21.13,243
4250,clothing-4250,clothing,22.50,250
4251,books-4251,books,23.87,257
4252,home-4252,home,25.24,264
4253,toys-4253,toys,26.61,271
4254,food-4254,food,27.98,278
4255,electronics-4255,electronics,29.35,285
4256,clothing-4256,clothing,30.72,292
4257,books-4257,books,32.09,299
4258,home-4258,home,33.46,306
4259,toys-4259,toys,34.83,313
4260,food-4260,food,36.20,320
4261,electronics-4261,electronics,37.57,327
4262,clothing-4262,clothing,38.94,334
4263,books-4263,books,40.31,341
4264,home-4264,home,41.68,348
4265,toys-4265,toys,43.05,355
4266,food-4266,food,44.42,362
4267,electronics-4267,electronics,45.79,369
4268,clothing-4268,clothing,47.16,376
4269,books-4269,books,48.53,383
4270,home-4270,home,49.90,390
4271,toys-4271,toys,51.27,397
4272,food-4272,food,52.64,404
4273,electronics-4273,electronics,54.01,411
4274,clothing-4274,clothing,55.38,418
4275,books-4275,books,56.75,425
4276,home-4276,home,58.12,432
4277,toys-4277,toys,59.49,439
4278,food-4278,food,60.86,446
4279,electronics-4279,electronics,62.23,453
4280,clothing-4280,clothing,63.60,460
4281,books-4281,books,64.97,467
4282,home-4282,home,66.34,474
4283,toys-4283,toys,67.71,481
4284,food-4284,food,69.08,488
4285,electronics-4285,electronics,70.45,495
4286,clothing-4286,clothing,71.82,2
4287,books-4287,books,73.19,9
4288,home-4288,home,74.56,16
4289,toys-4289,toys,75.93,23
4290,food-4290,food,77.30,30
4291,electronics-4291,electronics,78.67,37
4292,clothing-4292,clothing,80.04,44
4293,books-4293,books,81.41,51
4294,home-4294,home,82.78,58
4295,toys-4295,toys,84.15,65
4296,food-4296,food,85.52,72
4297,electronics-4297,electronics,86.89,79
4298,clothing-4298,clothing,88.26,86
4299,books-4299,books,89.63,93
4300,home-4300,home,91.00,100
4301,toys-4301,toys,92.37,107
4302,food-4302,food,93.74,114
4303,electronics-4303,electronics,95.11,121
4304,clothing-4304,clothing,96.48,128
4305,books-4305,books,97.85,135
4306,home-4306,home,99.22,142
4307,toys-4307,toys,0.59,149
4308,food-4308,food,1.96,156
4309,electronics-4309,electronics,3.33,163
4310,clothing-4310,clothing,4.70,170
4311,books-4311,books,6.07,177
4312,home-4312,home,7.44,184
4313,toys-4313,toys,8.81,191
4314,food-4314,food,10.18,198
4315,electronics-4315,electronics,11.55,205
4316,clothing-4316,clothing,12.92,212
4317,books-4317,books,14.29,219
4318,home-4318,home,15.66,226
4319,toys-4319,toys,17.03,233
4320,food-4320,food,18.40,240
4321,electronics-4321,electronics,19.77,247
4322,clothing-4322,clothing,21.14,254
4323,books-4323,books,22.51,261
4324,home-4324,home,23.88,268
4325,toys-4325,toys,25.25,275
4326,food-4326,food,26.62,282
4327,electronics-4327,electronics,27.99,289
4328,clothing-4328,clothing,29.36,296
4329,books-4329,books,30.73,303
4330,home-4330,home,32.10,310
4331,toys-4331,toys,33.47,317
4332,food-4332,food,34.84,324
4333,electronics-4333,electronics,36.21,331
4334,clothing-4334,clothing,37.58,338
4335,books-4335,books,38.95,345
4336,home-4336,home,40.32,352
4337,toys-4337,toys,41.69,359
4338,food-4338,food,43.06,366
4339,electronics-4339,electronics,44.43,373
4340,clothing-4340,clothing,45.80,380
4341,books-4341,books,47.17,387
4342,home-4342,home,48.54,394
4343,toys-4343,toys,49.91,401
4344,food-4344,food,51.28,408
4345,electronics-4345,electronics,52.65,415
4346,clothing-4346,clothing,54.02,422
4347,books-4347,books,55.39,429
4348,home-4348,home,56.76,436
4349,toys-4349,toys,58.13,443
4350,food-4350,food,59.50,450
4351,electronics-4351,electronics,60.87,457
4352,clothing-4352,clothing,62.24,464
4353,books-4353,books,63.61,471
4354,home-4354,home,64.98,478
4355,toys-4355,toys,66.35,485
4356,food-4356,food,67.72,492
4357,electronics-4357,electronics,69.09,499
4358,clothing-4358,clothing,70.46,6
4359,books-4359,books,71.83,13
4360,home-4360,home,73.20,20
4361,toys-4361,toys,74.57,27
4362,food-4362,food,75.94,34
4363,electronics-4363,electronics,77.31,41
4364,clothing-4364,clothing,78.68,48
4365,books-4365,books,80.05,55
4366,home-4366,home,81.42,62
4367,toys-4367,toys,82.79,69
4368,food-4368,food,84.16,76
4369,electronics-4369,electronics,85.53,83
4370,clothing-4370,clothing,86.90,90
4371,books-4371,books,88.27,97
4372,home-4372,home,89.64,104
4373,toys-4373,toys,91.01,111
4374,food-4374,food,92.38,118
4375,electronics-4375,electronics,93.75,125
4376,clothing-4376,clothing,95.12,132
4377,books-4377,books,96.49,139
4378,home-4378,home,97.86,146
4379,toys-4379,toys,99.23,153
4380,food-4380,food,0.60,160
4381,electronics-4381,electronics,1.97,167
4382,clothing-4382,clothing,3.34,174
4383,books-4383,books,4.71,181
4384,home-4384,home,6.08,188
4385,toys-4385,toys,7.45,195
4386,food-4386,food,8.82,202
4387,electronics-4387,electronics,10.19,209
4388,clothing-4388,clothing,11.56,216
4389,books-4389,books,12.93,223
4390,home-4390,home,14.30,230
4391,toys-4391,toys,15.67,237
4392,food-4392,food,17.04,244
4393,electronics-4393,electronics,18.41,251
4394,clothing-4394,clothing,19.78,258
4395,books-4395,books,21.15,265
4396,home-4396,home,22.52,272
4397,toys-4397,toys,23.89,279
4398,food-4398,food,25.26,286
4399,electronics-4399,electronics,26.63,293
4400,clothing-4400,clothing,28.00,300
4401,books-4401,books,29.37,307
4402,home-4402,home,30.74,314
4403,toys-4403,toys,32.11,321
4404,food-4404,food,33.48,328
4405,electronics-4405,electronics,34.85,335
4406,clothing-4406,clothing,36.22,342
4407,books-4407,books,37.59,349
4408,home-4408,home,38.96,356
4409,toys-4409,toys,40.33,363
4410,food-4410,food,41.70,370
4411,electronics-4411,electronics,43.07,377
4412,clothing-4412,clothing,44.44,384
4413,books-4413,books,45.81,391
4414,home-4414,home,47.18,398
4415,toys-4415,toys,48.55,405
4416,food-4416,food,49.92,412
4417,electronics-4417,electronics,51.29,419
4418,clothing-4418,clothing,52.66,426
4419,books-4419,books,54.03,433
4420,home-4420,home,55.40,440
4421,toys-4421,toys,56.77,447
4422,food-4422,food,58.14,454
4423,electronics-4423,electronics,59.51,461
4424,clothing-4424,clothing,60.88,468
4425,books-4425,books,62.25,475
4426,home-4426,home,63.62,482
4427,toys-4427,toys,64.99,489
4428,food-4428,food,66.36,496
4429,electronics-4429,electronics,67.73,3
4430,clothing-4430,clothing,69.10,10
4431,books-4431,books,70.47,17
4432,home-4432,home,71.84,24
4433,toys-4433,toys,73.21,31
4434,food-4434,food,74.58,38
4435,electronics-4435,electronics,75.95,45
4436,clothing-4436,clothing,77.32,52
4437,books-4437,books,78.69,59
4438,home-4438,home,80.06,66
4439,toys-4439,toys,81.43,73
4440,food-4440,food,82.80,80
4441,electronics-4441,electronics,84.17,87
4442,clothing-4442,clothing,85.54,94
4443,books-4443,books,86.91,101
4444,home-4444,home,88.28,108
4445,toys-4445,toys,89.65,115
4446,food-4446,food,91.02,122
4447,electronics-4447,electronics,92.39,129
4448,clothing-4448,clothing,93.76,136
4449,books-4449,books,95.13,143
4450,home-4450,home,96.50,150
4451,toys-4451,toys,97.87,157
4452,food-4452,food,99.24,164
4453,electronics-4453,electronics,0.61,171
4454,clothing-4454,clothing,1.98,178
4455,books-4455,books,3.35,185
4456,home-4456,home,4.72,192
4457,toys-4457,toys,6.09,199
4458,food-4458,food,7.46,206
4459,electronics-4459,electronics,8.83,213
4460,clothing-4460,clothing,10.20,220
4461,books-4461,books,11.57,227
4462,home-4462,home,12.94,234
4463,toys-4463,toys,14.31,241
4464,food-4464,food,15.68,248
4465,electronics-4465,electronics,17.05,255
4466,clothing-4466,clothing,18.42,262
4467,books-4467,books,19.79,269
4468,home-4468,home,21.16,276
4469,toys-4469,toys,22.53,283
4470,food-4470,food,23.90,290
4471,electronics-4471,electronics,25.27,297
4472,clothing-4472,clothing,26.64,304
4473,books-4473,books,28.01,311
4474,home-4474,home,29.38,318
4475,toys-4475,toys,30.75,325
4476,food-4476,food,32.12,332
4477,electronics-4477,electronics,33.49,339
4478,clothing-4478,clothing,34.86,346
4479,books-4479,books,36.23,353
4480,home-4480,home,37.60,360
4481,toys-4481,toys,38.97,367
4482,food-4482,food,40.34,374
4483,electronics-4483,electronics,41.71,381
4484,clothing-4484,clothing,43.08,388
4485,books-4485,books,44.45,395
4486,home-4486,home,45.82,402
4487,toys-4487,toys,47.19,409
4488,food-4488,food,48.56,416
4489,electronics-4489,electronics,49.93,423
4490,clothing-4490,clothing,51.30,430
4491,books-4491,books,52.67,437
4492,home-4492,home,54.04,444
4493,toys-4493,toys,55.41,451
4494,food-4494,food,56.78,458
4495,electronics-4495,electronics,58.15,465
4496,clothing-4496,clothing,59.52,472
4497,books-4497,books,60.89,479
4498,home-4498,home,62.26,486
4499,toys-4499,toys,63.63,493
4500,food-4500,food,65.00,0
4501,electronics-4501,electronics,66.37,7
4502,clothing-4502,clothing,67.74,14
4503,books-4503,books,69.11,21
4504,home-4504,home,70.48,28
4505,toys-4505,toys,71.85,35
4506,food-4506,food,73.22,42
4507,electronics-4507,electronics,74.59,49
4508,clothing-4508,clothing,75.96,56
4509,books-4509,books,77.33,63
4510,home-4510,home,78.70,70
4511,toys-4511,toys,80.07,77
4512,food-4512,food,81.44,84
4513,electronics-4513,electronics,82.81,91
4514,clothing-4514,clothing,84.18,98
4515,books-4515,books,85.55,105
4516,home-4516,home,86.92,112
4517,toys-4517,toys,88.29,119
4518,food-4518,food,89.66,126
4519,electronics-4519,electronics,91.03,133
4520,clothing-4520,clothing,92.40,140
4521,books-4521,books,93.77,147
4522,home-4522,home,95.14,154
4523,toys-4523,toys,96.51,161
4524,food-4524,food,97.88,168
4525,electronics-4525,electronics,99.25,175
4526,clothing-4526,clothing,0.62,182
4527,books-4527,books,1.99,189
4528,home-4528,home,3.36,196
4529,toys-4529,toys,4.73,203
4530,food-4530,food,6.10,210
4531,electronics-4531,electronics,7.47,217
4532,clothing-4532,clothing,8.84,224
4533,books-4533,books,10.21,231
4534,home-4534,home,11.58,238
4535,toys-4535,toys,12.95,245
4536,food-4536,food,14.32,252
4537,electronics-4537,electronics,15.69,259
4538,clothing-4538,clothing,17.06,266
4539,books-4539,books,18.43,273
4540,home-4540,home,19.80,280
4541,toys-4541,toys,21.17,287
4542,food-4542,food,22.54,294
4543,electronics-4543,electronics,23.91,301
4544,clothing-4544,clothing,25.28,308
4545,books-4545,books,26.65,315
4546,home-4546,home,28.02,322
4547,toys-4547,toys,29.39,329
4548,food-4548,food,30.76,336
4549,electronics-4549,electronics,32.13,343
4550,clothing-4550,clothing,33.50,350
4551,books-4551,books,34.87,357
4552,home-4552,home,36.24,364
4553,toys-4553,toys,37.61,371
4554,food-4554,food,38.98,378
4555,electronics-4555,electronics,40.35,385
4556,clothing-4556,clothing,41.72,392
4557,books-4557,books,43.09,399
4558,home-4558,home,44.46,406
4559,toys-4559,toys,45.83,413
4560,food-4560,food,47.20,420
4561,electronics-4561,electronics,48.57,427
4562,clothing-4562,clothing,49.94,434
4563,books-4563,books,51.31,441
4564,home-4564,home,52.68,448
4565,toys-4565,toys,54.05,455
4566,food-4566,food,55.42,462
4567,electronics-4567,electronics,56.79,469
4568,clothing-4568,clothing,58.16,476
4569,books-4569,books,59.53,483
4570,home-4570,home,60.90,490
4571,toys-4571,toys,62.27,497
4572,food-4572,food,63.64,4
4573,electronics-4573,electronics,65.01,11
4574,clothing-4574,clothing,66.38,18
4575,books-4575,books,67.75,25
4576,home-4576,home,69.12,32
4577,toys-4577,toys,70.49,39
4578,food-4578,food,71.86,46
4579,electronics-4579,electronics,73.23,53
4580,clothing-4580,clothing,74.60,60
4581,books-4581,books,75.97,67
4582,home-4582,home,77.34,74
4583,toys-4583,toys,78.71,81
4584,food-4584,food,80.08,88
4585,electronics-4585,electronics,81.45,95
4586,clothing-4586,clothing,82.82,102
4587,books-4587,books,84.19,109
4588,home-4588,home,85.56,116
4589,toys-4589,toys,86.93,123
4590,food-4590,food,88.30,130
4591,electronics-4591,electronics,89.67,137
4592,clothing-4592,clothing,91.04,144
4593,books-4593,books,92.41,151
4594,home-4594,home,93.78,158
4595,toys-4595,toys,95.15,165
4596,food-4596,food,96.52,172
4597,electronics-4597,electronics,97.89,179
4598,clothing-4598,clothing,99.26,186
4599,books-4599,books,0.63,193
4600,home-4600,home,2.00,200
4601,toys-4601,toys,3.37,207
4602,food-4602,food,4.74,214
4603,electronics-4603,electronics,6.11,221
4604,clothing-4604,clothing,7.48,228
4605,books-4605,books,8.85,235
4606,home-4606,home,10.22,242
4607,toys-4607,toys,11.59,249
4608,food-4608,food,12.96,256
4609,electronics-4609,electronics,14.33,263
4610,clothing-4610,clothing,15.70,270
4611,books-4611,books,17.07,277
4612,home-4612,home,18.44,284
4613,toys-4613,toys,19.81,291
4614,food-4614,food,21.18,298
4615,electronics-4615,electronics,22.55,305
4616,clothing-4616,clothing,23.92,312
4617,books-4617,books,25.29,319
4618,home-4618,home,26.66,326
4619,toys-4619,toys,28.03,333
4620,food-4620,food,29.40,340
4621,electronics-4621,electronics,30.77,347
4622,clothing-4622,clothing,32.14,354
4623,books-4623,books,33.51,361
4624,home-4624,home,34.88,368
4625,toys-4625,toys,36.25,375
4626,food-4626,food,37.62,382
4627,electronics-4627,electronics,38.99,389
4628,clothing-4628,clothing,40.36,396
4629,books-4629,books,41.73,403
4630,home-4630,home,43.10,410
4631,toys-4631,toys,44.47,417
4632,food-4632,food,45.84,424
4633,electronics-4633,electronics,47.21,431
4634,clothing-4634,clothing,48.58,438
4635,books-4635,books,49.95,445
4636,home-4636,home,51.32,452
4637,toys-4637,toys,52.69,459
4638,food-4638,food,54.06,466
4639,electronics-4639,electronics,55.43,473
4640,clothing-4640,clothing,56.80,480
4641,books-4641,books,58.17,487
4642,home-4642,home,59.54,494
4643,toys-4643,toys,60.91,1
4644,food-4644,food,62.28,8
4645,electronics-4645,electronics,63.65,15
4646,clothing-4646,clothing,65.02,22
4647,books-4647,books,66.39,29
4648,home-4648,home,67.76,36
4649,toys-4649,toys,69.13,43
4650,food-4650,food,70.50,50
4651,electronics-4651,electronics,71.87,57
4652,clothing-4652,clothing,73.24,64
4653,books-4653,books,74.61,71
4654,home-4654,home,75.98,78
4655,toys-4655,toys,77.35,85
4656,food-4656,food,78.72,92
4657,electronics-4657,electronics,80.09,99
4658,clothing-4658,clothing,81.46,106
4659,books-4659,books,82.83,113
4660,home-4660,home,84.20,120
4661,toys-4661,toys,85.57,127
4662,food-4662,food,86.94,134
4663,electronics-4663,electronics,88.31,141
4664,clothing-4664,clothing,89.68,148
4665,books-4665,books,91.05,155
4666,home-4666,home,92.42,162
4667,toys-4667,toys,93.79,169
4668,food-4668,food,95.16,176
4669,electronics-4669,electronics,96.53,183
4670,clothing-4670,clothing,97.90,190
4671,books-4671,books,99.27,197
4672,home-4672,home,0.64,204
4673,toys-4673,toys,2.01,211
4674,food-4674,food,3.38,218
4675,electronics-4675,electronics,4.75,225
4676,clothing-4676,clothing,6.12,232
4677,books-4677,books,7.49,239
4678,home-4678,home,8.86,246
4679,toys-4679,toys,10.23,253
4680,food-4680,food,11.60,260
4681,electronics-4681,electronics,12.97,267
4682,clothing-4682,clothing,14.34,274
4683,books-4683,books,15.71,281
4684,home-4684,home,17.08,288
4685,toys-4685,toys,18.45,295
4686,food-4686,food,19.82,302
4687,electronics-4687,electronics,21.19,309
4688,clothing-4688,clothing,22.56,316
4689,books-4689,books,23.93,323
4690,home-4690,home,25.30,330
4691,toys-4691,toys,26.67,337
4692,food-4692,food,28.04,344
4693,electronics-4693,electronics,29.41,351
4694,clothing-4694,clothing,30.78,358
4695,books-4695,books,32.15,365
4696,home-4696,home,33.52,372
4697,toys-4697,toys,34.89,379
4698,food-4698,food,36.26,386
4699,electronics-4699,electronics,37.63,393
4700,clothing-4700,clothing,39.00,400
4701,books-4701,books,40.37,407
4702,home-4702,home,41.74,414
4703,toys-4703,toys,43.11,421
4704,food-4704,food,44.48,428
4705,electronics-4705,electronics,45.85,435
4706,clothing-4706,clothing,47.22,442
4707,books-4707,books,48.59,449
4708,home-4708,home,49.96,456
4709,toys-4709,toys,51.33,463
4710,food-4710,food,52.70,470
4711,electronics-4711,electronics,54.07,477
4712,clothing-4712,clothing,55.44,484
4713,books-4713,books,56.81,491
4714,home-4714,home,58.18,498
4715,toys-4715,toys,59.55,5
4716,food-4716,food,60.92,12
4717,electronics-4717,electronics,62.29,19
4718,clothing-4718,clothing,63.66,26
4719,books-4719,books,65.03,33
4720,home-4720,home,66.40,40
4721,toys-4721,toys,67.77,47
4722,food-4722,food,69.14,54
4723,electronics-4723,electronics,70.51,61
4724,clothing-4724,clothing,71.88,68
4725,books-4725,books,73.25,75
4726,home-4726,home,74.62,82
4727,toys-4727,toys,75.99,89
4728,food-4728,food,77.36,96
4729,electronics-4729,electronics,78.73,103
4730,clothing-4730,clothing,80.10,110
4731,books-4731,books,81.47,117
4732,home-4732,home,82.84,124
4733,toys-4733,toys,84.21,131
4734,food-4734,food,85.58,138
4735,electronics-4735,electronics,86.95,145
4736,clothing-4736,clothing,88.32,152
4737,books-4737,books,89.69,159
4738,home-4738,home,91.06,166
4739,toys-4739,toys,92.43,173
4740,food-4740,food,93.80,180
4741,electronics-4741,electronics,95.17,187
4742,clothing-4742,clothing,96.54,194
4743,books-4743,books,97.91,201
4744,home-4744,home,99.28,208
4745,toys-4745,toys,0.65,215
4746,food-4746,food,2.02,222
4747,electronics-4747,electronics,3.39,229
4748,clothing-4748,clothing,4.76,236
4749,books-4749,books,6.13,243
4750,home-4750,home,7.50,250
4751,toys-4751,toys,8.87,257
4752,food-4752,food,10.24,264
4753,electronics-4753,electronics,11.61,271
4754,clothing-4754,clothing,12.98,278
4755,books-4755,books,14.35,285
4756,home-4756,home,15.72,292
4757,toys-4757,toys,17.09,299
4758,food-4758,food,18.46,306
4759,electronics-4759,electronics,19.83,313
4760,clothing-4760,clothing,21.20,320
4761,books-4761,books,22.57,327
4762,home-4762,home,23.94,334
4763,toys-4763,toys,25.31,341
4764,food-4764,food,26.68,348
4765,electronics-4765,electronics,28.05,355
4766,clothing-4766,clothing,29.42,362
4767,books-4767,books,30.79,369
4768,home-4768,home,32.16,376
4769,toys-4769,toys,33.53,383
4770,food-4770,food,34.90,390
4771,electronics-4771,electronics,36.27,397
4772,clothing-4772,clothing,37.64,404
4773,books-4773,books,39.01,411
4774,home-4774,home,40.38,418
4775,toys-4775,toys,41.75,425
4776,food-4776,food,43.12,432
4777,electronics-4777,electronics,44.49,439
4778,clothing-4778,clothing,45.86,446
4779,books-4779,books,47.23,453
4780,home-4780,home,48.60,460
4781,toys-4781,toys,49.97,467
4782,food-4782,food,51.34,474
4783,electronics-4783,electronics,52.71,481
4784,clothing-4784,clothing,54.08,488
4785,books-4785,books,55.45,495
4786,home-4786,home,56.82,2
4787,toys-4787,toys,58.19,9
4788,food-4788,food,59.56,16
4789,electronics-4789,electronics,60.93,23
4790,clothing-4790,clothing,62.30,30
4791,books-4791,books,63.67,37
4792,home-4792,home,65.04,44
4793,toys-4793,toys,66.41,51
4794,food-4794,food,67.78,58
4795,electronics-4795,electronics,69.15,65
4796,clothing-4796,clothing,70.52,72
4797,books-4797,books,71.89,79
4798,home-4798,home,73.26,86
4799,toys-4799,toys,74.63,93
4800,food-4800,food,76.00,100
4801,electronics-4801,electronics,77.37,107
4802,clothing-4802,clothing,78.74,114
4803,books-4803,books,80.11,121
4804,home-4804,home,81.48,128
4805,toys-4805,toys,82.85,135
4806,food-4806,food,84.22,142
4807,electronics-4807,electronics,85.59,149
4808,clothing-4808,clothing,86.96,156
4809,books-4809,books,88.33,163
4810,home-4810,home,89.70,170
4811,toys-4811,toys,91.07,177
4812,food-4812,food,92.44,184
4813,electronics-4813,electronics,93.81,191
4814,clothing-4814,clothing,95.18,198
4815,books-4815,books,96.55,205
4816,home-4816,home,97.92,212
4817,toys-4817,toys,99.29,219
4818,food-4818,food,0.66,226
4819,electronics-4819,electronics,2.03,233
4820,clothing-4820,clothing,3.40,240
4821,books-4821,books,4.77,247
4822,home-4822,home,6.14,254
4823,toys-4823,toys,7.51,261
4824,food-4824,food,8.88,268
4825,electronics-4825,electronics,10.25,275
4826,clothing-4826,clothing,11.62,282
4827,books-4827,books,12.99,289
4828,home-4828,home,14.36,296
4829,toys-4829,toys,15.73,303
4830,food-4830,food,17.10,310
4831,electronics-4831,electronics,18.47,317
4832,clothing-4832,clothing,19.84,324
4833,books-4833,books,21.21,331
4834,home-4834,home,22.58,338
4835,toys-4835,toys,23.95,345
4836,food-4836,food,25.32,352
4837,electronics-4837,electronics,26.69,359
4838,clothing-4838,clothing,28.06,366
4839,books-4839,books,29.43,373
4840,home-4840,home,30.80,380
4841,toys-4841,toys,32.17,387
4842,food-4842,food,33.54,394
4843,electronics-4843,electronics,34.91,401
4844,clothing-4844,clothing,36.28,408
4845,books-4845,books,37.65,415
4846,home-4846,home,39.02,422
4847,toys-4847,toys,40.39,429
4848,food-4848,food,41.76,436
4849,electronics-4849,electronics,43.13,443
4850,clothing-4850,clothing,44.50,450
4851,books-4851,books,45.87,457
4852,home-4852,home,47.24,464
4853,toys-4853,toys,48.61,471
4854,food-4854,food,49.98,478
4855,electronics-4855,electronics,51.35,485
4856,clothing-4856,clothing,52.72,492
4857,books-4857,books,54.09,499
4858,home-4858,home,55.46,6
4859,toys-4859,toys,56.83,13
4860,food-4860,food,58.20,20
4861,electronics-4861,electronics,59.57,27
4862,clothing-4862,clothing,60.94,34
4863,books-4863,books,62.31,41
4864,home-4864,home,63.68,48
4865,toys-4865,toys,65.05,55
4866,food-4866,food,66.42,62
4867,electronics-4867,electronics,67.79,69
4868,clothing-4868,clothing,69.16,76
4869,books-4869,books,70.53,83
4870,home-4870,home,71.90,90
4871,toys-4871,toys,73.27,97
4872,food-4872,food,74.64,104
4873,electronics-4873,electronics,76.01,111
4874,clothing-4874,clothing,77.38,118
4875,books-4875,books,78.75,125
4876,home-4876,home,80.12,132
4877,toys-4877,toys,81.49,139
4878,food-4878,food,82.86,146
4879,electronics-4879,electronics,84.23,153
4880,clothing-4880,clothing,85.60,160
4881,books-4881,books,86.97,167
4882,home-4882,home,88.34,174
4883,toys-4883,toys,89.71,181
4884,food-4884,food,91.08,188
4885,electronics-4885,electronics,92.45,195
4886,clothing-4886,clothing,93.82,202
4887,books-4887,books,95.19,209
4888,home-4888,home,96.56,216
4889,toys-4889,toys,97.93,223
4890,food-4890,food,99.30,230
4891,electronics-4891,electronics,0.67,237
4892,clothing-4892,clothing,2.04,244
4893,books-4893,books,3.41,251
4894,home-4894,home,4.78,258
4895,toys-4895,toys,6.15,265
4896,food-4896,food,7.52,272
4897,electronics-4897,electronics,8.89,279
4898,clothing-4898,clothing,10.26,286
4899,books-4899,books,11.63,293
4900,home-4900,home,13.00,300
4901,toys-4901,toys,14.37,307
4902,food-4902,food,15.74,314
4903,electronics-4903,electronics,17.11,321
4904,clothing-4904,clothing,18.48,328
4905,books-4905,books,19.85,335
4906,home-4906,home,21.22,342
4907,toys-4907,toys,22.59,349
4908,food-4908,food,23.96,356
4909,electronics-4909,electronics,25.33,363
4910,clothing-4910,clothing,26.70,370
4911,books-4911,books,28.07,377
4912,home-4912,home,29.44,384
4913,toys-4913,toys,30.81,391
4914,food-4914,food,32.18,398
4915,electronics-4915,electronics,33.55,405
4916,clothing-4916,clothing,34.92,412
4917,books-4917,books,36.29,419
4918,home-4918,home,37.66,426
4919,toys-4919,toys,39.03,433
4920,food-4920,food,40.40,440
4921,electronics-4921,electronics,41.77,447
4922,clothing-4922,clothing,43.14,454
4923,books-4923,books,44.51,461
4924,home-4924,home,45.88,468
4925,toys-4925,toys,47.25,475
4926,food-4926,food,48.62,482
4927,electronics-4927,electronics,49.99,489
4928,clothing-4928,clothing,51.36,496
4929,books-4929,books,52.73,3
4930,home-4930,home,54.10,10
4931,toys-4931,toys,55.47,17
4932,food-4932,food,56.84,24
4933,electronics-4933,electronics,58.21,31
4934,clothing-4934,clothing,59.58,38
4935,books-4935,books,60.95,45
4936,home-4936,home,62.32,52
4937,toys-4937,toys,63.69,59
4938,food-4938,food,65.06,66
4939,electronics-4939,electronics,66.43,73
4940,clothing-4940,clothing,67.80,80
4941,books-4941,books,69.17,87
4942,home-4942,home,70.54,94
4943,toys-4943,toys,71.91,101
4944,food-4944,food,73.28,108
4945,electronics-4945,electronics,74.65,115
4946,clothing-4946,clothing,76.02,122
4947,books-4947,books,77.39,129
4948,home-4948,home,78.76,136
4949,toys-4949,toys,80.13,143
4950,food-4950,food,81.50,150
4951,electronics-4951,electronics,82.87,157
4952,clothing-4952,clothing,84.24,164
4953,books-4953,books,85.61,171
4954,home-4954,home,86.98,178
4955,toys-4955,toys,88.35,185
4956,food-4956,food,89.72,192
4957,electronics-4957,electronics,91.09,199
4958,clothing-4958,clothing,92.46,206
4959,books-4959,books,93.83,213
4960,home-4960,home,95.20,220
4961,toys-4961,toys,96.57,227
4962,food-4962,food,97.94,234
4963,electronics-4963,electronics,99.31,241
4964,clothing-4964,clothing,0.68,248
4965,books-4965,books,2.05,255
4966,home-4966,home,3.42,262
4967,toys-4967,toys,4.79,269
4968,food-4968,food,6.16,276
4969,electronics-4969,electronics,7.53,283
4970,clothing-4970,clothing,8.90,290
4971,books-4971,books,10.27,297
4972,home-4972,home,11.64,304
4973,toys-4973,toys,13.01,311
4974,food-4974,food,14.38,318
4975,electronics-4975,electronics,15.75,325
4976,clothing-4976,clothing,17.12,332
4977,books-4977,books,18.49,339
4978,home-4978,home,19.86,346
4979,toys-4979,toys,21.23,353
4980,food-4980,food,22.60,360
4981,electronics-4981,electronics,23.97,367
4982,clothing-4982,clothing,25.34,374
4983,books-4983,books,26.71,381
4984,home-4984,home,28.08,388
4985,toys-4985,toys,29.45,395
4986,food-4986,food,30.82,402
4987,electronics-4987,electronics,32.19,409
4988,clothing-4988,clothing,33.56,416
4989,books-4989,books,34.93,423
4990,home-4990,home,36.30,430
4991,toys-4991,toys,37.67,437
4992,food-4992,food,39.04,444
4993,electronics-4993,electronics,40.41,451
4994,clothing-4994,clothing,41.78,458
4995,books-4995,books,43.15,465
4996,home-4996,home,44.52,472
4997,toys-4997,toys,45.89,479
4998,food-4998,food,47.26,486
4999,electronics-4999,electronics,48.63,493
5000,clothing-5000,clothing,50.00,0
5001,books-5001,books,51.37,7
5002,home-5002,home,52.74,14
5003,toys-5003,toys,54.11,21
5004,food-5004,food,55.48,28
5005,electronics-5005,electronics,56.85,35
5006,clothing-5006,clothing,58.22,42
5007,books-5007,books,59.59,49
5008,home-5008,home,60.96,56
5009,toys-5009,toys,62.33,63
5010,food-5010,food,63.70,70
5011,electronics-5011,electronics,65.07,77
5012,clothing-5012,clothing,66.44,84
5013,books-5013,books,67.81,91
5014,home-5014,home,69.18,98
5015,toys-5015,toys,70.55,105
5016,food-5016,food,71.92,112
5017,electronics-5017,electronics,73.29,119
5018,clothing-5018,clothing,74.66,126
5019,books-5019,books,76.03,133
5020,home-5020,home,77.40,140
5021,toys-5021,toys,78.77,147
5022,food-5022,food,80.14,154
5023,electronics-5023,electronics,81.51,161
5024,clothing-5024,clothing,82.88,168
5025,books-5025,books,84.25,175
5026,home-5026,home,85.62,182
5027,toys-5027,toys,86.99,189
5028,food-5028,food,88.36,196
5029,electronics-5029,electronics,89.73,203
5030,clothing-5030,clothing,91.10,210
5031,books-5031,books,92.47,217
5032,home-5032,home,93.84,224
5033,toys-5033,toys,95.21,231
5034,food-5034,food,96.58,238
5035,electronics-5035,electronics,97.95,245
5036,clothing-5036,clothing,99.32,252
5037,books-5037,books,0.69,259
5038,home-5038,home,2.06,266
5039,toys-5039,toys,3.43,273
5040,food-5040,food,4.80,280
5041,electronics-5041,electronics,6.17,287
5042,clothing-5042,clothing,7.54,294
5043,books-5043,books,8.91,301
5044,home-5044,home,10.28,308
5045,toys-5045,toys,11.65,315
5046,food-5046,food,13.02,322
5047,electronics-5047,electronics,14.39,329
5048,clothing-5048,clothing,15.76,336
5049,books-5049,books,17.13,343
5050,home-5050,home,18.50,350
5051,toys-5051,toys,19.87,357
5052,food-5052,food,21.24,364
5053,electronics-5053,electronics,22.61,371
5054,clothing-5054,clothing,23.98,378
5055,books-5055,books,25.35,385
5056,home-5056,home,26.72,392
5057,toys-5057,toys,28.09,399
5058,food-5058,food,29.46,406
5059,electronics-5059,electronics,30.83,413
5060,clothing-5060,clothing,32.20,420
5061,books-5061,books,33.57,427
5062,home-5062,home,34.94,434
5063,toys-5063,toys,36.31,441
5064,food-5064,food,37.68,448
5065,electronics-5065,electronics,39.05,455
5066,clothing-5066,clothing,40.42,462
5067,books-5067,books,41.79,469
5068,home-5068,home,43.16,476
5069,toys-5069,toys,44.53,483
5070,food-5070,food,45.90,490
5071,electronics-5071,electronics,47.27,497
5072,clothing-5072,clothing,48.64,4
5073,books-5073,books,50.01,11
5074,home-5074,home,51.38,18
5075,toys-5075,toys,52.75,25
5076,food-5076,food,54.12,32
5077,electronics-5077,electronics,55.49,39
5078,clothing-5078,clothing,56.86,46
5079,books-5079,books,58.23,53
5080,home-5080,home,59.60,60
5081,toys-5081,toys,60.97,67
5082,food-5082,food,62.34,74
5083,electronics-5083,electronics,63.71,81
5084,clothing-5084,clothing,65.08,88
5085,books-5085,books,66.45,95
5086,home-5086,home,67.82,102
5087,toys-5087,toys,69.19,109
5088,food-5088,food,70.56,116
5089,electronics-5089,electronics,71.93,123
5090,clothing-5090,clothing,73.30,130
5091,books-5091,books,74.67,137
5092,home-5092,home,76.04,144
5093,toys-5093,toys,77.41,151
5094,food-5094,food,78.78,158
5095,electronics-5095,electronics,80.15,165
5096,clothing-5096,clothing,81.52,172
5097,books-5097,books,82.89,179
5098,home-5098,home,84.26,186
5099,toys-5099,toys,85.63,193
5100,food-5100,food,87.00,200
5101,electronics-5101,electronics,88.37,207
5102,clothing-5102,clothing,89.74,214
5103,books-5103,books,91.11,221
5104,home-5104,home,92.48,228
5105,toys-5105,toys,93.85,235
5106,food-5106,food,95.22,242
5107,electronics-5107,electronics,96.59,249
5108,clothing-5108,clothing,97.96,256
5109,books-5109,books,99.33,263
5110,home-5110,home,0.70,270
5111,toys-5111,toys,2.07,277
5112,food-5112,food,3.44,284
5113,electronics-5113,electronics,4.81,291
5114,clothing-5114,clothing,6.18,298
5115,books-5115,books,7.55,305
5116,home-5116,home,8.92,312
5117,toys-5117,toys,10.29,319
5118,food-5118,food,11.66,326
5119,electronics-5119,electronics,13.03,333
5120,clothing-5120,clothing,14.40,340
5121,books-5121,books,15.77,347
5122,home-5122,home,17.14,354
5123,toys-5123,toys,18.51,361
5124,food-5124,food,19.88,368
5125,electronics-5125,electronics,21.25,375
5126,clothing-5126,clothing,22.62,382
5127,books-5127,books,23.99,389
5128,home-5128,home,25.36,396
5129,toys-5129,toys,26.73,403
5130,food-5130,food,28.10,410
5131,electronics-5131,electronics,29.47,417
5132,clothing-5132,clothing,30.84,424
5133,books-5133,books,32.21,431
5134,home-5134,home,33.58,438
5135,toys-5135,toys,34.95,445
5136,food-5136,food,36.32,452
5137,electronics-5137,electronics,37.69,459
5138,clothing-5138,clothing,39.06,466
5139,books-5139,books,40.43,473
5140,home-5140,home,41.80,480
5141,toys-5141,toys,43.17,487
5142,food-5142,food,44.54,494
5143,electronics-5143,electronics,45.91,1
5144,clothing-5144,clothing,47.28,8
5145,books-5145,books,48.65,15
5146,home-5146,home,50.02,22
5147,toys-5147,toys,51.39,29
5148,food-5148,food,52.76,36
5149,electronics-5149,electronics,54.13,43
5150,clothing-5150,clothing,55.50,50
5151,books-5151,books,56.87,57
5152,home-5152,home,58.24,64
5153,toys-5153,toys,59.61,71
5154,food-5154,food,60.98,78
5155,electronics-5155,electronics,62.35,85
5156,clothing-5156,clothing,63.72,92
5157,books-5157,books,65.09,99
5158,home-5158,home,66.46,106
5159,toys-5159,toys,67.83,113
5160,food-5160,food,69.20,120
5161,electronics-5161,electronics,70.57,127
5162,clothing-5162,clothing,71.94,134
5163,books-5163,books,73.31,141
5164,home-5164,home,74.68,148
5165,toys-5165,toys,76.05,155
5166,food-5166,food,77.42,162
5167,electronics-5167,electronics,78.79,169
5168,clothing-5168,clothing,80.16,176
5169,books-5169,books,81.53,183
5170,home-5170,home,82.90,190
5171,toys-5171,toys,84.27,197
5172,food-5172,food,85.64,204
5173,electronics-5173,electronics,87.01,211
5174,clothing-5174,clothing,88.38,218
5175,books-5175,books,89.75,225
5176,home-5176,home,91.12,232
5177,toys-5177,toys,92.49,239
5178,food-5178,food,93.86,246
5179,electronics-5179,electronics,95.23,253
5180,clothing-5180,clothing,96.60,260
5181,books-5181,books,97.97,267
5182,home-5182,home,99.34,274
5183,toys-5183,toys,0.71,281
5184,food-5184,food,2.08,288
5185,electronics-5185,electronics,3.45,295
5186,clothing-5186,clothing,4.82,302
5187,books-5187,books,6.19,309
5188,home-5188,home,7.56,316
5189,toys-5189,toys,8.93,323
5190,food-5190,food,10.30,330
5191,electronics-5191,electronics,11.67,337
5192,clothing-5192,clothing,13.04,344
5193,books-5193,books,14.41,351
5194,home-5194,home,15.78,358
5195,toys-5195,toys,17.15,365
5196,food-5196,food,18.52,372
5197,electronics-5197,electronics,19.89,379
5198,clothing-5198,clothing,21.26,386
5199,books-5199,books,22.63,393
5200,home-5200,home,24.00,400
5201,toys-5201,toys,25.37,407
5202,food-5202,food,26.74,414
5203,electronics-5203,electronics,28.11,421
5204,clothing-5204,clothing,29.48,428
5205,books-5205,books,30.85,435
5206,home-5206,home,32.22,442
5207,toys-5207,toys,33.59,449
5208,food-5208,food,34.96,456
5209,electronics-5209,electronics,36.33,463
5210,clothing-5210,clothing,37.70,470
5211,books-5211,books,39.07,477
5212,home-5212,home,40.44,484
5213,toys-5213,toys,41.81,491
5214,food-5214,food,43.18,498
5215,electronics-5215,electronics,44.55,5
5216,clothing-5216,clothing,45.92,12
5217,books-5217,books,47.29,19
5218,home-5218,home,48.66,26
5219,toys-5219,toys,50.03,33
5220,food-5220,food,51.40,40
5221,electronics-5221,electronics,52.77,47
5222,clothing-5222,clothing,54.14,54
5223,books-5223,books,55.51,61
5224,home-5224,home,56.88,68
5225,toys-5225,toys,58.25,75
5226,food-5226,food,59.62,82
5227,electronics-5227,electronics,60.99,89
5228,clothing-5228,clothing,62.36,96
5229,books-5229,books,63.73,103
5230,home-5230,home,65.10,110
5231,toys-5231,toys,66.47,117
5232,food-5232,food,67.84,124
5233,electronics-5233,electronics,69.21,131
5234,clothing-5234,clothing,70.58,138
5235,books-5235,books,71.95,145
5236,home-5236,home,73.32,152
5237,toys-5237,toys,74.69,159
5238,food-5238,food,76.06,166
5239,electronics-5239,electronics,77.43,173
5240,clothing-5240,clothing,78.80,180
5241,books-5241,books,80.17,187
5242,home-5242,home,81.54,194
5243,toys-5243,toys,82.91,201
5244,food-5244,food,84.28,208
5245,electronics-5245,electronics,85.65,215
5246,clothing-5246,clothing,87.02,222
5247,books-5247,books,88.39,229
5248,home-5248,home,89.76,236
5249,toys-5249,toys,91.13,243
5250,food-5250,food,92.50,250
5251,electronics-5251,electronics,93.87,257
5252,clothing-5252,clothing,95.24,264
5253,books-5253,books,96.61,271
5254,home-5254,home,97.98,278
5255,toys-5255,toys,99.35,285
5256,food-5256,food,0.72,292
5257,electronics-5257,electronics,2.09,299
5258,clothing-5258,clothing,3.46,306
5259,books-5259,books,4.83,313
5260,home-5260,home,6.20,320
5261,toys-5261,toys,7.57,327
5262,food-5262,food,8.94,334
5263,electronics-5263,electronics,10.31,341
5264,clothing-5264,clothing,11.68,348
5265,books-5265,books,13.05,355
5266,home-5266,home,14.42,362
5267,toys-5267,toys,15.79,369
5268,food-5268,food,17.16,376
5269,electronics-5269,electronics,18.53,383
5270,clothing-5270,clothing,19.90,390
5271,books-5271,books,21.27,397
5272,home-5272,home,22.64,404
5273,toys-5273,toys,24.01,411
5274,food-5274,food,25.38,418
5275,electronics-5275,electronics,26.75,425
5276,clothing-5276,clothing,28.12,432
5277,books-5277,books,29.49,439
5278,home-5278,home,30.86,446
5279,toys-5279,toys,32.23,453
5280,food-5280,food,33.60,460
5281,electronics-5281,electronics,34.97,467
5282,clothing-5282,clothing,36.34,474
5283,books-5283,books,37.71,481
5284,home-5284,home,39.08,488
5285,toys-5285,toys,40.45,495
5286,food-5286,food,41.82,2
5287,electronics-5287,electronics,43.19,9
5288,clothing-5288,clothing,44.56,16
5289,books-5289,books,45.93,23
5290,home-5290,home,47.30,30
5291,toys-5291,toys,48.67,37
5292,food-5292,food,50.04,44
5293,electronics-5293,electronics,51.41,51
5294,clothing-5294,clothing,52.78,58
5295,books-5295,books,54.15,65
5296,home-5296,home,55.52,72
5297,toys-5297,toys,56.89,79
5298,food-5298,food,58.26,86
5299,electronics-5299,electronics,59.63,93
5300,clothing-5300,clothing,61.00,100
5301,books-5301,books,62.37,107
5302,home-5302,home,63.74,114
5303,toys-5303,toys,65.11,121
5304,food-5304,food,66.48,128
5305,electronics-5305,electronics,67.85,135
5306,clothing-5306,clothing,69.22,142
5307,books-5307,books,70.59,149
5308,home-5308,home,71.96,156
5309,toys-5309,toys,73.33,163
5310,food-5310,food,74.70,170
5311,electronics-5311,electronics,76.07,177
5312,clothing-5312,clothing,77.44,184
5313,books-5313,books,78.81,191
5314,home-5314,home,80.18,198
5315,toys-5315,toys,81.55,205
5316,food-5316,food,82.92,212
5317,electronics-5317,electronics,84.29,219
5318,clothing-5318,clothing,85.66,226
5319,books-5319,books,87.03,233
5320,home-5320,home,88.40,240
5321,toys-5321,toys,89.77,247
5322,food-5322,food,91.14,254
5323,electronics-5323,electronics,92.51,261
5324,clothing-5324,clothing,93.88,268
5325,books-5325,books,95.25,275
5326,home-5326,home,96.62,282
5327,toys-5327,toys,97.99,289
5328,food-5328,food,99.36,296
5329,electronics-5329,electronics,0.73,303
5330,clothing-5330,clothing,2.10,310
5331,books-5331,books,3.47,317
5332,home-5332,home,4.84,324
5333,toys-5333,toys,6.21,331
5334,food-5334,food,7.58,338
5335,electronics-5335,electronics,8.95,345
5336,clothing-5336,clothing,10.32,352
5337,books-5337,books,11.69,359
5338,home-5338,home,13.06,366
5339,toys-5339,toys,14.43,373
5340,food-5340,food,15.80,380
5341,electronics-5341,electronics,17.17,387
5342,clothing-5342,clothing,18.54,394
5343,books-5343,books,19.91,401
5344,home-5344,home,21.28,408
5345,toys-5345,toys,22.65,415
5346,food-5346,food,24.02,422
5347,electronics-5347,electronics,25.39,429
5348,clothing-5348,clothing,26.76,436
5349,books-5349,books,28.13,443
5350,home-5350,home,29.50,450
5351,toys-5351,toys,30.87,457
5352,food-5352,food,32.24,464
5353,electronics-5353,electronics,33.61,471
5354,clothing-5354,clothing,34.98,478
5355,books-5355,books,36.35,485
5356,home-5356,home,37.72,492
5357,toys-5357,toys,39.09,499
5358,food-5358,food,40.46,6
5359,electronics-5359,electronics,41.83,13
5360,clothing-5360,clothing,43.20,20
5361,books-5361,books,44.57,27
5362,home-5362,home,45.94,34
5363,toys-5363,toys,47.31,41
5364,food-5364,food,48.68,48
5365,electronics-5365,electronics,50.05,55
5366,clothing-5366,clothing,51.42,62
5367,books-5367,books,52.79,69
5368,home-5368,home,54.16,76
5369,toys-5369,toys,55.53,83
5370,food-5370,food,56.90,90
5371,electronics-5371,electronics,58.27,97
5372,clothing-5372,clothing,59.64,104
5373,books-5373,books,61.01,111
5374,home-5374,home,62.38,118
5375,toys-5375,toys,63.75,125
5376,food-5376,food,65.12,132
5377,electronics-5377,electronics,66.49,139
5378,clothing-5378,clothing,67.86,146
5379,books-5379,books,69.23,153
5380,home-5380,home,70.60,160
5381,toys-5381,toys,71.97,167
5382,food-5382,food,73.34,174
5383,electronics-5383,electronics,74.71,181
5384,clothing-5384,clothing,76.08,188
5385,books-5385,books,77.45,195
5386,home-5386,home,78.82,202
5387,toys-5387,toys,80.19,209
5388,food-5388,food,81.56,216
5389,electronics-5389,electronics,82.93,223
5390,clothing-5390,clothing,84.30,230
5391,books-5391,books,85.67,237
5392,home-5392,home,87.04,244
5393,toys-5393,toys,88.41,251
5394,food-5394,food,89.78,258
5395,electronics-5395,electronics,91.15,265
5396,clothing-5396,clothing,92.52,272
5397,books-5397,books,93.89,279
5398,home-5398,home,95.26,286
5399,toys-5399,toys,96.63,293
5400,food-5400,food,98.00,300
5401,electronics-5401,electronics,99.37,307
5402,clothing-5402,clothing,0.74,314
5403,books-5403,books,2.11,321
5404,home-5404,home,3.48,328
5405,toys-5405,toys,4.85,335
5406,food-5406,food,6.22,342
5407,electronics-5407,electronics,7.59,349
5408,clothing-5408,clothing,8.96,356
5409,books-5409,books,10.33,363
5410,home-5410,home,11.70,370
5411,toys-5411,toys,13.07,377
5412,food-5412,food,14.44,384
5413,electronics-5413,electronics,15.81,391
5414,clothing-5414,clothing,17.18,398
5415,books-5415,books,18.55,405
5416,home-5416,home,19.92,412
5417,toys-5417,toys,21.29,419
5418,food-5418,food,22.66,426
5419,electronics-5419,electronics,24.03,433
5420,clothing-5420,clothing,25.40,440
5421,books-5421,books,26.77,447
5422,home-5422,home,28.14,454
5423,toys-5423,toys,29.51,461
5424,food-5424,food,30.88,468
5425,electronics-5425,electronics,32.25,475
5426,clothing-5426,clothing,33.62,482
5427,books-5427,books,34.99,489
5428,home-5428,home,36.36,496
5429,toys-5429,toys,37.73,3
5430,food-5430,food,39.10,10
5431,electronics-5431,electronics,40.47,17
5432,clothing-5432,clothing,41.84,24
5433,books-5433,books,43.21,31
5434,home-5434,home,44.58,38
5435,toys-5435,toys,45.95,45
5436,food-5436,food,47.32,52
5437,electronics-5437,electronics,48.69,59
5438,clothing-5438,clothing,50.06,66
5439,books-5439,books,51.43,73
5440,home-5440,home,52.80,80
5441,toys-5441,toys,54.17,87
5442,food-5442,food,55.54,94
5443,electronics-5443,electronics,56.91,101
5444,clothing-5444,clothing,58.28,108
5445,books-5445,books,59.65,115
5446,home-5446,home,61.02,122
5447,toys-5447,toys,62.39,129
5448,food-5448,food,63.76,136
5449,electronics-5449,electronics,65.13,143
5450,clothing-5450,clothing,66.50,150
5451,books-5451,books,67.87,157
5452,home-5452,home,69.24,164
5453,toys-5453,toys,70.61,171
5454,food-5454,food,71.98,178
5455,electronics-5455,electronics,73.35,185
5456,clothing-5456,clothing,74.72,192
5457,books-5457,books,76.09,199
5458,home-5458,home,77.46,206
5459,toys-5459,toys,78.83,213
5460,food-5460,food,80.20,220
5461,electronics-5461,electronics,81.57,227
5462,clothing-5462,clothing,82.94,234
5463,books-5463,books,84.31,241
5464,home-5464,home,85.68,248
5465,toys-5465,toys,87.05,255
5466,food-5466,food,88.42,262
5467,electronics-5467,electronics,89.79,269
5468,clothing-5468,clothing,91.16,276
5469,books-5469,books,92.53,283
5470,home-5470,home,93.90,290
5471,toys-5471,toys,95.27,297
5472,food-5472,food,96.64,304
5473,electronics-5473,electronics,98.01,311
5474,clothing-5474,clothing,99.38,318
5475,books-5475,books,0.75,325
5476,home-5476,home,2.12,332
5477,toys-5477,toys,3.49,339
5478,food-5478,food,4.86,346
5479,electronics-5479,electronics,6.23,353
5480,clothing-5480,clothing,7.60,360
5481,books-5481,books,8.97,367
5482,home-5482,home,10.34,374
5483,toys-5483,toys,11.71,381
5484,food-5484,food,13.08,388
5485,electronics-5485,electronics,14.45,395
5486,clothing-5486,clothing,15.82,402
5487,books-5487,books,17.19,409
5488,home-5488,home,18.56,416
5489,toys-5489,toys,19.93,423
5490,food-5490,food,21.30,430
5491,electronics-5491,electronics,22.67,437
5492,clothing-5492,clothing,24.04,444
5493,books-5493,books,25.41,451
5494,home-5494,home,26.78,458
5495,toys-5495,toys,28.15,465
5496,food-5496,food,29.52,472
5497,electronics-5497,electronics,30.89,479
5498,clothing-5498,clothing,32.26,486
5499,books-5499,books,33.63,493
5500,home-5500,home,35.00,0
5501,toys-5501,toys,36.37,7
5502,food-5502,food,37.74,14
5503,electronics-5503,electronics,39.11,21
5504,clothing-5504,clothing,40.48,28
5505,books-5505,books,41.85,35
5506,home-5506,home,43.22,42
5507,toys-5507,toys,44.59,49
5508,food-5508,food,45.96,56
5509,electronics-5509,electronics,47.33,63
5510,clothing-5510,clothing,48.70,70
5511,books-5511,books,50.07,77
5512,home-5512,home,51.44,84
5513,toys-5513,toys,52.81,91
5514,food-5514,food,54.18,98
5515,electronics-5515,electronics,55.55,105
5516,clothing-5516,clothing,56.92,112
5517,books-5517,books,58.29,119
5518,home-5518,home,59.66,126
5519,toys-5519,toys,61.03,133
5520,food-5520,food,62.40,140
5521,electronics-5521,electronics,63.77,147
5522,clothing-5522,clothing,65.14,154
5523,books-5523,books,66.51,161
5524,home-5524,home,67.88,168
5525,toys-5525,toys,69.25,175
5526,food-5526,food,70.62,182
5527,electronics-5527,electronics,71.99,189
5528,clothing-5528,clothing,73.36,196
5529,books-5529,books,74.73,203
5530,home-5530,home,76.10,210
5531,toys-5531,toys,77.47,217
5532,food-5532,food,78.84,224
5533,electronics-5533,electronics,80.21,231
5534,clothing-5534,clothing,81.58,238
5535,books-5535,books,82.95,245
5536,home-5536,home,84.32,252
5537,toys-5537,toys,85.69,259
5538,food-5538,food,87.06,266
5539,electronics-5539,electronics,88.43,273
5540,clothing-5540,clothing,89.80,280
5541,books-5541,books,91.17,287
5542,home-5542,home,92.54,294
5543,toys-5543,toys,93.91,301
5544,food-5544,food,95.28,308
5545,electronics-5545,electronics,96.65,315
5546,clothing-5546,clothing,98.02,322
5547,books-5547,books,99.39,329
5548,home-5548,home,0.76,336
5549,toys-5549,toys,2.13,343
5550,food-5550,food,3.50,350
5551,electronics-5551,electronics,4.87,357
5552,clothing-5552,clothing,6.24,364
5553,books-5553,books,7.61,371
5554,home-5554,home,8.98,378
5555,toys-5555,toys,10.35,385
5556,food-5556,food,11.72,392
5557,electronics-5557,electronics,13.09,399
5558,clothing-5558,clothing,14.46,406
5559,books-5559,books,15.83,413
5560,home-5560,home,17.20,420
5561,toys-5561,toys,18.57,427
5562,food-5562,food,19.94,434
5563,electronics-5563,electronics,21.31,441
5564,clothing-5564,clothing,22.68,448
5565,books-5565,books,24.05,455
5566,home-5566,home,25.42,462
5567,toys-5567,toys,26.79,469
5568,food-5568,food,28.16,476
5569,electronics-5569,electronics,29.53,483
5570,clothing-5570,clothing,30.90,490
5571,books-5571,books,32.27,497
5572,home-5572,home,33.64,4
5573,toys-5573,toys,35.01,11
5574,food-5574,food,36.38,18
5575,electronics-5575,electronics,37.75,25
5576,clothing-5576,clothing,39.12,32
5577,books-5577,books,40.49,39
5578,home-5578,home,41.86,46
5579,toys-5579,toys,43.23,53
5580,food-5580,food,44.60,60
5581,electronics-5581,electronics,45.97,67
5582,clothing-5582,clothing,47.34,74
5583,books-5583,books,48.71,81
5584,home-5584,home,50.08,88
5585,toys-5585,toys,51.45,95
5586,food-5586,food,52.82,102
5587,electronics-5587,electronics,54.19,109
5588,clothing-5588,clothing,55.56,116
5589,books-5589,books,56.93,123
5590,home-5590,home,58.30,130
5591,toys-5591,toys,59.67,137
5592,food-5592,food,61.04,144
5593,electronics-5593,electronics,62.41,151
5594,clothing-5594,clothing,63.78,158
5595,books-5595,books,65.15,165
5596,home-5596,home,66.52,172
5597,toys-5597,toys,67.89,179
5598,food-5598,food,69.26,186
5599,electronics-5599,electronics,70.63,193
5600,clothing-5600,clothing,72.00,200
5601,books-5601,books,73.37,207
5602,home-5602,home,74.74,214
5603,toys-5603,toys,76.11,221
5604,food-5604,food,77.48,228
5605,electronics-5605,electronics,78.85,235
5606,clothing-5606,clothing,80.22,242
5607,books-5607,books,81.59,249
5608,home-5608,home,82.96,256
5609,toys-5609,toys,84.33,263
5610,food-5610,food,85.70,270
5611,electronics-5611,electronics,87.07,277
5612,clothing-5612,clothing,88.44,284
5613,books-5613,books,89.81,291
5614,home-5614,home,91.18,298
5615,toys-5615,toys,92.55,305
5616,food-5616,food,93.92,312
5617,electronics-5617,electronics,95.29,319
5618,clothing-5618,clothing,96.66,326
5619,books-5619,books,98.03,333
5620,home-5620,home,99.40,340
5621,toys-5621,toys,0.77,347
5622,food-5622,food,2.14,354
5623,electronics-5623,electronics,3.51,361
5624,clothing-5624,clothing,4.88,368
5625,books-5625,books,6.25,375
5626,home-5626,home,7.62,382
5627,toys-5627,toys,8.99,389
5628,food-5628,food,10.36,396
5629,electronics-5629,electronics,11.73,403
5630,clothing-5630,clothing,13.10,410
5631,books-5631,books,14.47,417
5632,home-5632,home,15.84,424
5633,toys-5633,toys,17.21,431
5634,food-5634,food,18.58,438
5635,electronics-5635,electronics,19.95,445
5636,clothing-5636,clothing,21.32,452
5637,books-5637,books,22.69,459
5638,home-5638,home,24.06,466
5639,toys-5639,toys,25.43,473
5640,food-5640,food,26.80,480
5641,electronics-5641,electronics,28.17,487
5642,clothing-5642,clothing,29.54,494
5643,books-5643,books,30.91,1
5644,home-5644,home,32.28,8
5645,toys-5645,toys,33.65,15
5646,food-5646,food,35.02,22
5647,electronics-5647,electronics,36.39,29
5648,clothing-5648,clothing,37.76,36
5649,books-5649,books,39.13,43
5650,home-5650,home,40.50,50
5651,toys-5651,toys,41.87,57
5652,food-5652,food,43.24,64
5653,electronics-5653,electronics,44.61,71
5654,clothing-5654,clothing,45.98,78
5655,books-5655,books,47.35,85
5656,home-5656,home,48.72,92
5657,toys-5657,toys,50.09,99
5658,food-5658,food,51.46,106
5659,electronics-5659,electronics,52.83,113
5660,clothing-5660,clothing,54.20,120
5661,books-5661,books,55.57,127
5662,home-5662,home,56.94,134
5663,toys-5663,toys,58.31,141
5664,food-5664,food,59.68,148
5665,electronics-5665,electronics,61.05,155
5666,clothing-5666,clothing,62.42,162
5667,books-5667,books,63.79,169
5668,home-5668,home,65.16,176
5669,toys-5669,toys,66.53,183
5670,food-5670,food,67.90,190
5671,electronics-5671,electronics,69.27,197
5672,clothing-5672,clothing,70.64,204
5673,books-5673,books,72.01,211
5674,home-5674,home,73.38,218
5675,toys-5675,toys,74.75,225
5676,food-5676,food,76.12,232
5677,electronics-5677,electronics,77.49,239
5678,clothing-5678,clothing,78.86,246
5679,books-5679,books,80.23,253
5680,home-5680,home,81.60,260
5681,toys-5681,toys,82.97,267
5682,food-5682,food,84.34,274
5683,electronics-5683,electronics,85.71,281
5684,clothing-5684,clothing,87.08,288
5685,books-5685,books,88.45,295
5686,home-5686,home,89.82,302
5687,toys-5687,toys,91.19,309
5688,food-5688,food,92.56,316
5689,electronics-5689,electronics,93.93,323
5690,clothing-5690,clothing,95.30,330
5691,books-5691,books,96.67,337
5692,home-5692,home,98.04,344
5693,toys-5693,toys,99.41,351
5694,food-5694,food,0.78,358
5695,electronics-5695,electronics,2.15,365
5696,clothing-5696,clothing,3.52,372
5697,books-5697,books,4.89,379
5698,home-5698,home,6.26,386
5699,toys-5699,toys,7.63,393
5700,food-5700,food,9.00,400
5701,electronics-5701,electronics,10.37,407
5702,clothing-5702,clothing,11.74,414
5703,books-5703,books,13.11,421
5704,home-5704,home,14.48,428
5705,toys-5705,toys,15.85,435
5706,food-5706,food,17.22,442
5707,electronics-5707,electronics,18.59,449
5708,clothing-5708,clothing,19.96,456
5709,books-5709,books,21.33,463
5710,home-5710,home,22.70,470
5711,toys-5711,toys,24.07,477
5712,food-5712,food,25.44,484
5713,electronics-5713,electronics,26.81,491
5714,clothing-5714,clothing,28.18,498
5715,books-5715,books,29.55,5
5716,home-5716,home,30.92,12
5717,toys-5717,toys,32.29,19
5718,food-5718,food,33.66,26
5719,electronics-5719,electronics,35.03,33
5720,clothing-5720,clothing,36.40,40
5721,books-5721,books,37.77,47
5722,home-5722,home,39.14,54
5723,toys-5723,toys,40.51,61
5724,food-5724,food,41.88,68
5725,electronics-5725,electronics,43.25,75
5726,clothing-5726,clothing,44.62,82
5727,books-5727,books,45.99,89
5728,home-5728,home,47.36,96
5729,toys-5729,toys,48.73,103
5730,food-5730,food,50.10,110
5731,electronics-5731,electronics,51.47,117
5732,clothing-5732,clothing,52.84,124
5733,books-5733,books,54.21,131
5734,home-5734,home,55.58,138
5735,toys-5735,toys,56.95,145
5736,food-5736,food,58.32,152
5737,electronics-5737,electronics,59.69,159
5738,clothing-5738,clothing,61.06,166
5739,books-5739,books,62.43,173
5740,home-5740,home,63.80,180
5741,toys-5741,toys,65.17,187
5742,food-5742,food,66.54,194
5743,electronics-5743,electronics,67.91,201
5744,clothing-5744,clothing,69.28,208
5745,books-5745,books,70.65,215
5746,home-5746,home,72.02,222
5747,toys-5747,toys,73.39,229
5748,food-5748,food,74.76,236
5749,electronics-5749,electronics,76.13,243
5750,clothing-5750,clothing,77.50,250
5751,books-5751,books,78.87,257
5752,home-5752,home,80.24,264
5753,toys-5753,toys,81.61,271
5754,food-5754,food,82.98,278
5755,electronics-5755,electronics,84.35,285
5756,clothing-5756,clothing,85.72,292
5757,books-5757,books,87.09,299
5758,home-5758,home,88.46,306
5759,toys-5759,toys,89.83,313
5760,food-5760,food,91.20,320
5761,electronics-5761,electronics,92.57,327
5762,clothing-5762,clothing,93.94,334
5763,books-5763,books,95.31,341
5764,home-5764,home,96.68,348
5765,toys-5765,toys,98.05,355
5766,food-5766,food,99.42,362
5767,electronics-5767,electronics,0.79,369
5768,clothing-5768,clothing,2.16,376
5769,books-5769,books,3.53,383
5770,home-5770,home,4.90,390
5771,toys-5771,toys,6.27,397
5772,food-5772,food,7.64,404
5773,electronics-5773,electronics,9.01,411
5774,clothing-5774,clothing,10.38,418
5775,books-5775,books,11.75,425
5776,home-5776,home,13.12,432
5777,toys-5777,toys,14.49,439
5778,food-5778,food,15.86,446
5779,electronics-5779,electronics,17.23,453
5780,clothing-5780,clothing,18.60,460
5781,books-5781,books,19.97,467
5782,home-5782,home,21.34,474
5783,toys-5783,toys,22.71,481
5784,food-5784,food,24.08,488
5785,electronics-5785,electronics,25.45,495
5786,clothing-5786,clothing,26.82,2
5787,books-5787,books,28.19,9
5788,home-5788,home,29.56,16
5789,toys-5789,toys,30.93,23
5790,food-5790,food,32.30,30
5791,electronics-5791,electronics,33.67,37
5792,clothing-5792,clothing,35.04,44
5793,books-5793,books,36.41,51
5794,home-5794,home,37.78,58
5795,toys-5795,toys,39.15,65
5796,food-5796,food,40.52,72
5797,electronics-5797,electronics,41.89,79
5798,clothing-5798,clothing,43.26,86
5799,books-5799,books,44.63,93
5800,home-5800,home,46.00,100
5801,toys-5801,toys,47.37,107
5802,food-5802,food,48.74,114
5803,electronics-5803,electronics,50.11,121
5804,clothing-5804,clothing,51.48,128
5805,books-5805,books,52.85,135
5806,home-5806,home,54.22,142
5807,toys-5807,toys,55.59,149
5808,food-5808,food,56.96,156
5809,electronics-5809,electronics,58.33,163
5810,clothing-5810,clothing,59.70,170
5811,books-5811,books,61.07,177
5812,home-5812,home,62.44,184
5813,toys-5813,toys,63.81,191
5814,food-5814,food,65.18,198
5815,electronics-5815,electronics,66.55,205
5816,clothing-5816,clothing,67.92,212
5817,books-5817,books,69.29,219
5818,home-5818,home,70.66,226
5819,toys-5819,toys,72.03,233
5820,food-5820,food,73.40,240
5821,electronics-5821,electronics,74.77,247
5822,clothing-5822,clothing,76.14,254
5823,books-5823,books,77.51,261
5824,home-5824,home,78.88,268
5825,toys-5825,toys,80.25,275
5826,food-5826,food,81.62,282
5827,electronics-5827,electronics,82.99,289
5828,clothing-5828,clothing,84.36,296
5829,books-5829,books,85.73,303
5830,home-5830,home,87.10,310
5831,toys-5831,toys,88.47,317
5832,food-5832,food,89.84,324
5833,electronics-5833,electronics,91.21,331
5834,clothing-5834,clothing,92.58,338
5835,books-5835,books,93.95,345
5836,home-5836,home,95.32,352
5837,toys-5837,toys,96.69,359
5838,food-5838,food,98.06,366
5839,electronics-5839,electronics,99.43,373
5840,clothing-5840,clothing,0.80,380
5841,books-5841,books,2.17,387
5842,home-5842,home,3.54,394
5843,toys-5843,toys,4.91,401
5844,food-5844,food,6.28,408
5845,electronics-5845,electronics,7.65,415
5846,clothing-5846,clothing,9.02,422
5847,books-5847,books,10.39,429
5848,home-5848,home,11.76,436
5849,toys-5849,toys,13.13,443
5850,food-5850,food,14.50,450
5851,electronics-5851,electronics,15.87,457
5852,clothing-5852,clothing,17.24,464
5853,books-5853,books,18.61,471
5854,home-5854,home,19.98,478
5855,toys-5855,toys,21.35,485
5856,food-5856,food,22.72,492
5857,electronics-5857,electronics,24.09,499
5858,clothing-5858,clothing,25.46,6
5859,books-5859,books,26.83,13
5860,home-5860,home,28.20,20
5861,toys-5861,toys,29.57,27
5862,food-5862,food,30.94,34
5863,electronics-5863,electronics,32.31,41
5864,clothing-5864,clothing,33.68,48
5865,books-5865,books,35.05,55
5866,home-5866,home,36.42,62
5867,toys-5867,toys,37.79,69
5868,food-5868,food,39.16,76
5869,electronics-5869,electronics,40.53,83
5870,clothing-5870,clothing,41.90,90
5871,books-5871,books,43.27,97
5872,home-5872,home,44.64,104
5873,toys-5873,toys,46.01,111
5874,food-5874,food,47.38,118
5875,electronics-5875,electronics,48.75,125
5876,clothing-5876,clothing,50.12,132
5877,books-5877,books,51.49,139
5878,home-5878,home,52.86,146
5879,toys-5879,toys,54.23,153
5880,food-5880,food,55.60,160
5881,electronics-5881,electronics,56.97,167
5882,clothing-5882,clothing,58.34,174
5883,books-5883,books,59.71,181
5884,home-5884,home,61.08,188
5885,toys-5885,toys,62.45,195
5886,food-5886,food,63.82,202
5887,electronics-5887,electronics,65.19,209
5888,clothing-5888,clothing,66.56,216
5889,books-5889,books,67.93,223
5890,home-5890,home,69.30,230
5891,toys-5891,toys,70.67,237
5892,food-5892,food,72.04,244
5893,electronics-5893,electronics,73.41,251
5894,clothing-5894,clothing,74.78,258
5895,books-5895,books,76.15,265
5896,home-5896,home,77.52,272
5897,toys-5897,toys,78.89,279
5898,food-5898,food,80.26,286
5899,electronics-5899,electronics,81.63,293
5900,clothing-5900,clothing,83.00,300
5901,books-5901,books,84.37,307
5902,home-5902,home,85.74,314
5903,toys-5903,toys,87.11,321
5904,food-5904,food,88.48,328
5905,electronics-5905,electronics,89.85,335
5906,clothing-5906,clothing,91.22,342
5907,books-5907,books,92.59,349
5908,home-5908,home,93.96,356
5909,toys-5909,toys,95.33,363
5910,food-5910,food,96.70,370
5911,electronics-5911,electronics,98.07,377
5912,clothing-5912,clothing,99.44,384
5913,books-5913,books,0.81,391
5914,home-5914,home,2.18,398
5915,toys-5915,toys,3.55,405
5916,food-5916,food,4.92,412
5917,electronics-5917,electronics,6.29,419
5918,clothing-5918,clothing,7.66,426
5919,books-5919,books,9.03,433
5920,home-5920,home,10.40,440
5921,toys-5921,toys,11.77,447
5922,food-5922,food,13.14,454
5923,electronics-5923,electronics,14.51,461
5924,clothing-5924,clothing,15.88,468
5925,books-5925,books,17.25,475
5926,home-5926,home,18.62,482
5927,toys-5927,toys,19.99,489
5928,food-5928,food,21.36,496
5929,electronics-5929,electronics,22.73,3
5930,clothing-5930,clothing,24.10,10
5931,books-5931,books,25.47,17
5932,home-5932,home,26.84,24
5933,toys-5933,toys,28.21,31
5934,food-5934,food,29.58,38
5935,electronics-5935,electronics,30.95,45
5936,clothing-5936,clothing,32.32,52
5937,books-5937,books,33.69,59
5938,home-5938,home,35.06,66
5939,toys-5939,toys,36.43,73
5940,food-5940,food,37.80,80
5941,electronics-5941,electronics,39.17,87
5942,clothing-5942,clothing,40.54,94
5943,books-5943,books,41.91,101
5944,home-5944,home,43.28,108
5945,toys-5945,toys,44.65,115
5946,food-5946,food,46.02,122
5947,electronics-5947,electronics,47.39,129
5948,clothing-5948,clothing,48.76,136
5949,books-5949,books,50.13,143
5950,home-5950,home,51.50,150
5951,toys-5951,toys,52.87,157
5952,food-5952,food,54.24,164
5953,electronics-5953,electronics,55.61,171
5954,clothing-5954,clothing,56.98,178
5955,books-5955,books,58.35,185
5956,home-5956,home,59.72,192
5957,toys-5957,toys,61.09,199
5958,food-5958,food,62.46,206
5959,electronics-5959,electronics,63.83,213
5960,clothing-5960,clothing,65.20,220
5961,books-5961,books,66.57,227
5962,home-5962,home,67.94,234
5963,toys-5963,toys,69.31,241
5964,food-5964,food,70.68,248
5965,electronics-5965,electronics,72.05,255
5966,clothing-5966,clothing,73.42,262
5967,books-5967,books,74.79,269
5968,home-5968,home,76.16,276
5969,toys-5969,toys,77.53,283
5970,food-5970,food,78.90,290
5971,electronics-5971,electronics,80.27,297
5972,clothing-5972,clothing,81.64,304
5973,books-5973,books,83.01,311
5974,home-5974,home,84.38,318
5975,toys-5975,toys,85.75,325
5976,food-5976,food,87.12,332
5977,electronics-5977,electronics,88.49,339
5978,clothing-5978,clothing,89.86,346
5979,books-5979,books,91.23,353
5980,home-5980,home,92.60,360
5981,toys-5981,toys,93.97,367
5982,food-5982,food,95.34,374
5983,electronics-5983,electronics,96.71,381
5984,clothing-5984,clothing,98.08,388
5985,books-5985,books,99.45,395
5986,home-5986,home,0.82,402
5987,toys-5987,toys,2.19,409
5988,food-5988,food,3.56,416
5989,electronics-5989,electronics,4.93,423
5990,clothing-5990,clothing,6.30,430
5991,books-5991,books,7.67,437
5992,home-5992,home,9.04,444
5993,toys-5993,toys,10.41,451
5994,food-5994,food,11.78,458
5995,electronics-5995,electronics,13.15,465
5996,clothing-5996,clothing,14.52,472
5997,books-5997,books,15.89,479
5998,home-5998,home,17.26,486
5999,toys-5999,toys,18.63,493
6000,food-6000,food,20.00,0
6001,electronics-6001,electronics,21.37,7
6002,clothing-6002,clothing,22.74,14
6003,books-6003,books,24.11,21
6004,home-6004,home,25.48,28
6005,toys-6005,toys,26.85,35
6006,food-6006,food,28.22,42
6007,electronics-6007,electronics,29.59,49
6008,clothing-6008,clothing,30.96,56
6009,books-6009,books,32.33,63
6010,home-6010,home,33.70,70
6011,toys-6011,toys,35.07,77
6012,food-6012,food,36.44,84
6013,electronics-6013,electronics,37.81,91
6014,clothing-6014,clothing,39.18,98
6015,books-6015,books,40.55,105
6016,home-6016,home,41.92,112
6017,toys-6017,toys,43.29,119
6018,food-6018,food,44.66,126
6019,electronics-6019,electronics,46.03,133
6020,clothing-6020,clothing,47.40,140
6021,books-6021,books,48.77,147
6022,home-6022,home,50.14,154
6023,toys-6023,toys,51.51,161
6024,food-6024,food,52.88,168
6025,electronics-6025,electronics,54.25,175
6026,clothing-6026,clothing,55.62,182
6027,books-6027,books,56.99,189
6028,home-6028,home,58.36,196
6029,toys-6029,toys,59.73,203
6030,food-6030,food,61.10,210
6031,electronics-6031,electronics,62.47,217
6032,clothing-6032,clothing,63.84,224
6033,books-6033,books,65.21,231
6034,home-6034,home,66.58,238
6035,toys-6035,toys,67.95,245
6036,food-6036,food,69.32,252
6037,electronics-6037,electronics,70.69,259
6038,clothing-6038,clothing,72.06,266
6039,books-6039,books,73.43,273
6040,home-6040,home,74.80,280
6041,toys-6041,toys,76.17,287
6042,food-6042,food,77.54,294
6043,electronics-6043,electronics,78.91,301
6044,clothing-6044,clothing,80.28,308
6045,books-6045,books,81.65,315
6046,home-6046,home,83.02,322
6047,toys-6047,toys,84.39,329
6048,food-6048,food,85.76,336
6049,electronics-6049,electronics,87.13,343
6050,clothing-6050,clothing,88.50,350
6051,books-6051,books,89.87,357
6052,home-6052,home,91.24,364
6053,toys-6053,toys,92.61,371
6054,food-6054,food,93.98,378
6055,electronics-6055,electronics,95.35,385
6056,clothing-6056,clothing,96.72,392
6057,books-6057,books,98.09,399
6058,home-6058,home,99.46,406
6059,toys-6059,toys,0.83,413
6060,food-6060,food,2.20,420
6061,electronics-6061,electronics,3.57,427
6062,clothing-6062,clothing,4.94,434
6063,books-6063,books,6.31,441
6064,home-6064,home,7.68,448
6065,toys-6065,toys,9.05,455
6066,food-6066,food,10.42,462
6067,electronics-6067,electronics,11.79,469
6068,clothing-6068,clothing,13.16,476
6069,books-6069,books,14.53,483
6070,home-6070,home,15.90,490
6071,toys-6071,toys,17.27,497
6072,food-6072,food,18.64,4
6073,electronics-6073,electronics,20.01,11
6074,clothing-6074,clothing,21.38,18
6075,books-6075,books,22.75,25
6076,home-6076,home,24.12,32
6077,toys-6077,toys,25.49,39
6078,food-6078,food,26.86,46
6079,electronics-6079,electronics,28.23,53
6080,clothing-6080,clothing,29.60,60
6081,books-6081,books,30.97,67
6082,home-6082,home,32.34,74
6083,toys-6083,toys,33.71,81
6084,food-6084,food,35.08,88
6085,electronics-6085,electronics,36.45,95
6086,clothing-6086,clothing,37.82,102
6087,books-6087,books,39.19,109
6088,home-6088,home,40.56,116
6089,toys-6089,toys,41.93,123
6090,food-6090,food,43.30,130
6091,electronics-6091,electronics,44.67,137
6092,clothing-6092,clothing,46.04,144
6093,books-6093,books,47.41,151
6094,home-6094,home,48.78,158
6095,toys-6095,toys,50.15,165
6096,food-6096,food,51.52,172
6097,electronics-6097,electronics,52.89,179
6098,clothing-6098,clothing,54.26,186
6099,books-6099,books,55.63,193
6100,home-6100,home,57.00,200
6101,toys-6101,toys,58.37,207
6102,food-6102,food,59.74,214
6103,electronics-6103,electronics,61.11,221
6104,clothing-6104,clothing,62.48,228
6105,books-6105,books,63.85,235
6106,home-6106,home,65.22,242
6107,toys-6107,toys,66.59,249
6108,food-6108,food,67.96,256
6109,electronics-6109,electronics,69.33,263
6110,clothing-6110,clothing,70.70,270
6111,books-6111,books,72.07,277
6112,home-6112,home,73.44,284
6113,toys-6113,toys,74.81,291
6114,food-6114,food,76.18,298
6115,electronics-6115,electronics,77.55,305
6116,clothing-6116,clothing,78.92,312
6117,books-6117,books,80.29,319
6118,home-6118,home,81.66,326
6119,toys-6119,toys,83.03,333
6120,food-6120,food,84.40,340
6121,electronics-6121,electronics,85.77,347
6122,clothing-6122,clothing,87.14,354
6123,books-6123,books,88.51,361
6124,home-6124,home,89.88,368
6125,toys-6125,toys,91.25,375
6126,food-6126,food,92.62,382
6127,electronics-6127,electronics,93.99,389
6128,clothing-6128,clothing,95.36,396
6129,books-6129,books,96.73,403
6130,home-6130,home,98.10,410
6131,toys-6131,toys,99.47,417
6132,food-6132,food,0.84,424
6133,electronics-6133,electronics,2.21,431
6134,clothing-6134,clothing,3.58,438
6135,books-6135,books,4.95,445
6136,home-6136,home,6.32,452
6137,toys-6137,toys,7.69,459
6138,food-6138,food,9.06,466
6139,electronics-6139,electronics,10.43,473
6140,clothing-6140,clothing,11.80,480
6141,books-6141,books,13.17,487
6142,home-6142,home,14.54,494
6143,toys-6143,toys,15.91,1
6144,food-6144,food,17.28,8
6145,electronics-6145,electronics,18.65,15
6146,clothing-6146,clothing,20.02,22
6147,books-6147,books,21.39,29
6148,home-6148,home,22.76,36
6149,toys-6149,toys,24.13,43
6150,food-6150,food,25.50,50
6151,electronics-6151,electronics,26.87,57
6152,clothing-6152,clothing,28.24,64
6153,books-6153,books,29.61,71
6154,home-6154,home,30.98,78
6155,toys-6155,toys,32.35,85
6156,food-6156,food,33.72,92
6157,electronics-6157,electronics,35.09,99
6158,clothing-6158,clothing,36.46,106
6159,books-6159,books,37.83,113
6160,home-6160,home,39.20,120
6161,toys-6161,toys,40.57,127
6162,food-6162,food,41.94,134
6163,electronics-6163,electronics,43.31,141
6164,clothing-6164,clothing,44.68,148
6165,books-6165,books,46.05,155
6166,home-6166,home,47.42,162
6167,toys-6167,toys,48.79,169
6168,food-6168,food,50.16,176
6169,electronics-6169,electronics,51.53,183
6170,clothing-6170,clothing,52.90,190
6171,books-6171,books,54.27,197
6172,home-6172,home,55.64,204
6173,toys-6173,toys,57.01,211
6174,food-6174,food,58.38,218
6175,electronics-6175,electronics,59.75,225
6176,clothing-6176,clothing,61.12,232
6177,books-6177,books,62.49,239
6178,home-6178,home,63.86,246
6179,toys-6179,toys,65.23,253
6180,food-6180,food,66.60,260
6181,electronics-6181,electronics,67.97,267
6182,clothing-6182,clothing,69.34,274
6183,books-6183,books,70.71,281
6184,home-6184,home,72.08,288
6185,toys-6185,toys,73.45,295
6186,food-6186,food,74.82,302
6187,electronics-6187,electronics,76.19,309
6188,clothing-6188,clothing,77.56,316
6189,books-6189,books,78.93,323
6190,home-6190,home,80.30,330
6191,toys-6191,toys,81.67,337
6192,food-6192,food,83.04,344
6193,electronics-6193,electronics,84.41,351
6194,clothing-6194,clothing,85.78,358
6195,books-6195,books,87.15,365
6196,home-6196,home,88.52,372
6197,toys-6197,toys,89.89,379
6198,food-6198,food,91.26,386
6199,electronics-6199,electronics,92.63,393
6200,clothing-6200,clothing,94.00,400
6201,books-6201,books,95.37,407
6202,home-6202,home,96.74,414
6203,toys-6203,toys,98.11,421
6204,food-6204,food,99.48,428
6205,electronics-6205,electronics,0.85,435
6206,clothing-6206,clothing,2.22,442
6207,books-6207,books,3.59,449
6208,home-6208,home,4.96,456
6209,toys-6209,toys,6.33,463
6210,food-6210,food,7.70,470
6211,electronics-6211,electronics,9.07,477
6212,clothing-6212,clothing,10.44,484
6213,books-6213,books,11.81,491
6214,home-6214,home,13.18,498
6215,toys-6215,toys,14.55,5
6216,food-6216,food,15.92,12
6217,electronics-6217,electronics,17.29,19
6218,clothing-6218,clothing,18.66,26
6219,books-6219,books,20.03,33
6220,home-6220,home,21.40,40
6221,toys-6221,toys,22.77,47
6222,food-6222,food,24.14,54
6223,electronics-6223,electronics,25.51,61
6224,clothing-6224,clothing,26.88,68
6225,books-6225,books,28.25,75
6226,home-6226,home,29.62,82
6227,toys-6227,toys,30.99,89
6228,food-6228,food,32.36,96
6229,electronics-6229,electronics,33.73,103
6230,clothing-6230,clothing,35.10,110
6231,books-6231,books,36.47,117
6232,home-6232,home,37.84,124
6233,toys-6233,toys,39.21,131
6234,food-6234,food,40.58,138
6235,electronics-6235,electronics,41.95,145
6236,clothing-6236,clothing,43.32,152
6237,books-6237,books,44.69,159
6238,home-6238,home,46.06,166
6239,toys-6239,toys,47.43,173
6240,food-6240,food,48.80,180
6241,electronics-6241,electronics,50.17,187
6242,clothing-6242,clothing,51.54,194
6243,books-6243,books,52.91,201
6244,home-6244,home,54.28,208
6245,toys-6245,toys,55.65,215
6246,food-6246,food,57.02,222
6247,electronics-6247,electronics,58.39,229
6248,clothing-6248,clothing,59.76,236
6249,books-6249,books,61.13,243
6250,home-6250,home,62.50,250
6251,toys-6251,toys,63.87,257
6252,food-6252,food,65.24,264
6253,electronics-6253,electronics,66.61,271
6254,clothing-6254,clothing,67.98,278
6255,books-6255,books,69.35,285
6256,home-6256,home,70.72,292
6257,toys-6257,toys,72.09,299
6258,food-6258,food,73.46,306
6259,electronics-6259,electronics,74.83,313
6260,clothing-6260,clothing,76.20,320
6261,books-6261,books,77.57,327
6262,home-6262,home,78.94,334
6263,toys-6263,toys,80.31,341
6264,food-6264,food,81.68,348
6265,electronics-6265,electronics,83.05,355
6266,clothing-6266,clothing,84.42,362
6267,books-6267,books,85.79,369
6268,home-6268,home,87.16,376
6269,toys-6269,toys,88.53,383
6270,food-6270,food,89.90,390
6271,electronics-6271,electronics,91.27,397
6272,clothing-6272,clothing,92.64,404
6273,books-6273,books,94.01,411
6274,home-6274,home,95.38,418
6275,toys-6275,toys,96.75,425
6276,food-6276,food,98.12,432
6277,electronics-6277,electronics,99.49,439
6278,clothing-6278,clothing,0.86,446
6279,books-6279,books,2.23,453
6280,home-6280,home,3.60,460
6281,toys-6281,toys,4.97,467
6282,food-6282,food,6.34,474
6283,electronics-6283,electronics,7.71,481
6284,clothing-6284,clothing,9.08,488
6285,books-6285,books,10.45,495
6286,home-6286,home,11.82,2
6287,toys-6287,toys,13.19,9
6288,food-6288,food,14.56,16
6289,electronics-6289,electronics,15.93,23
6290,clothing-6290,clothing,17.30,30
6291,books-6291,books,18.67,37
6292,home-6292,home,20.04,44
6293,toys-6293,toys,21.41,51
6294,food-6294,food,22.78,58
6295,electronics-6295,electronics,24.15,65
6296,clothing-6296,clothing,25.52,72
6297,books-6297,books,26.89,79
6298,home-6298,home,28.26,86
6299,toys-6299,toys,29.63,93
6300,food-6300,food,31.00,100
6301,electronics-6301,electronics,32.37,107
6302,clothing-6302,clothing,33.74,114
6303,books-6303,books,35.11,121
6304,home-6304,home,36.48,128
6305,toys-6305,toys,37.85,135
6306,food-6306,food,39.22,142
6307,electronics-6307,electronics,40.59,149
6308,clothing-6308,clothing,41.96,156
6309,books-6309,books,43.33,163
6310,home-6310,home,44.70,170
6311,toys-6311,toys,46.07,177
6312,food-6312,food,47.44,184
6313,electronics-6313,electronics,48.81,191
6314,clothing-6314,clothing,50.18,198
6315,books-6315,books,51.55,205
6316,home-6316,home,52.92,212
6317,toys-6317,toys,54.29,219
6318,food-6318,food,55.66,226
6319,electronics-6319,electronics,57.03,233
6320,clothing-6320,clothing,58.40,240
6321,books-6321,books,59.77,247
6322,home-6322,home,61.14,254
6323,toys-6323,toys,62.51,261
6324,food-6324,food,63.88,268
6325,electronics-6325,electronics,65.25,275
6326,clothing-6326,clothing,66.62,282
6327,books-6327,books,67.99,289
6328,home-6328,home,69.36,296
6329,toys-6329,toys,70.73,303
6330,food-6330,food,72.10,310
6331,electronics-6331,electronics,73.47,317
6332,clothing-6332,clothing,74.84,324
6333,books-6333,books,76.21,331
6334,home-6334,home,77.58,338
6335,toys-6335,toys,78.95,345
6336,food-6336,food,80.32,352
6337,electronics-6337,electronics,81.69,359
6338,clothing-6338,clothing,83.06,366
6339,books-6339,books,84.43,373
6340,home-6340,home,85.80,380
6341,toys-6341,toys,87.17,387
6342,food-6342,food,88.54,394
6343,electronics-6343,electronics,89.91,401
6344,clothing-6344,clothing,91.28,408
6345,books-6345,books,92.65,415
6346,home-6346,home,94.02,422
6347,toys-6347,toys,95.39,429
6348,food-6348,food,96.76,436
6349,electronics-6349,electronics,98.13,443
6350,clothing-6350,clothing,99.50,450
6351,books-6351,books,0.87,457
6352,home-6352,home,2.24,464
6353,toys-6353,toys,3.61,471
6354,food-6354,food,4.98,478
6355,electronics-6355,electronics,6.35,485
6356,clothing-6356,clothing,7.72,492
6357,books-6357,books,9.09,499
6358,home-6358,home,10.46,6
6359,toys-6359,toys,11.83,13
6360,food-6360,food,13.20,20
6361,electronics-6361,electronics,14.57,27
6362,clothing-6362,clothing,15.94,34
6363,books-6363,books,17.31,41
6364,home-6364,home,18.68,48
6365,toys-6365,toys,20.05,55
6366,food-6366,food,21.42,62
6367,electronics-6367,electronics,22.79,69
6368,clothing-6368,clothing,24.16,76
6369,books-6369,books,25.53,83
6370,home-6370,home,26.90,90
6371,toys-6371,toys,28.27,97
6372,food-6372,food,29.64,104
6373,electronics-6373,electronics,31.01,111
6374,clothing-6374,clothing,32.38,118
6375,books-6375,books,33.75,125
6376,home-6376,home,35.12,132
6377,toys-6377,toys,36.49,139
6378,food-6378,food,37.86,146
6379,electronics-6379,electronics,39.23,153
6380,clothing-6380,clothing,40.60,160
6381,books-6381,books,41.97,167
6382,home-6382,home,43.34,174
6383,toys-6383,toys,44.71,181
6384,food-6384,food,46.08,188
6385,electronics-6385,electronics,47.45,195
6386,clothing-6386,clothing,48.82,202
6387,books-6387,books,50.19,209
6388,home-6388,home,51.56,216
6389,toys-6389,toys,52.93,223
6390,food-6390,food,54.30,230
6391,electronics-6391,electronics,55.67,237
6392,clothing-6392,clothing,57.04,244
6393,books-6393,books,58.41,251
6394,home-6394,home,59.78,258
6395,toys-6395,toys,61.15,265
6396,food-6396,food,62.52,272
6397,electronics-6397,electronics,63.89,279
6398,clothing-6398,clothing,65.26,286
6399,books-6399,books,66.63,293
6400,home-6400,home,68.00,300
6401,toys-6401,toys,69.37,307
6402,food-6402,food,70.74,314
6403,electronics-6403,electronics,72.11,321
6404,clothing-6404,clothing,73.48,328
6405,books-6405,books,74.85,335
6406,home-6406,home,76.22,342
6407,toys-6407,toys,77.59,349
6408,food-6408,food,78.96,356
6409,electronics-6409,electronics,80.33,363
6410,clothing-6410,clothing,81.70,370
6411,books-6411,books,83.07,377
6412,home-6412,home,84.44,384
6413,toys-6413,toys,85.81,391
6414,food-6414,food,87.18,398
6415,electronics-6415,electronics,88.55,405
6416,clothing-6416,clothing,89.92,412
6417,books-6417,books,91.29,419
6418,home-6418,home,92.66,426
6419,toys-6419,toys,94.03,433
6420,food-6420,food,95.40,440
6421,electronics-6421,electronics,96.77,447
6422,clothing-6422,clothing,98.14,454
6423,books-6423,books,99.51,461
6424,home-6424,home,0.88,468
6425,toys-6425,toys,2.25,475
6426,food-6426,food,3.62,482
6427,electronics-6427,electronics,4.99,489
6428,clothing-6428,clothing,6.36,496
6429,books-6429,books,7.73,3
6430,home-6430,home,9.10,10
6431,toys-6431,toys,10.47,17
6432,food-6432,food,11.84,24
6433,electronics-6433,electronics,13.21,31
6434,clothing-6434,clothing,14.58,38
6435,books-6435,books,15.95,45
6436,home-6436,home,17.32,52
6437,toys-6437,toys,18.69,59
6438,food-6438,food,20.06,66
6439,electronics-6439,electronics,21.43,73
6440,clothing-6440,clothing,22.80,80
6441,books-6441,books,24.17,87
6442,home-6442,home,25.54,94
6443,toys-6443,toys,26.91,101
6444,food-6444,food,28.28,108
6445,electronics-6445,electronics,29.65,115
6446,clothing-6446,clothing,31.02,122
6447,books-6447,books,32.39,129
6448,home-6448,home,33.76,136
6449,toys-6449,toys,35.13,143
6450,food-6450,food,36.50,150
6451,electronics-6451,electronics,37.87,157
6452,clothing-6452,clothing,39.24,164
6453,books-6453,books,40.61,171
6454,home-6454,home,41.98,178
6455,toys-6455,toys,43.35,185
6456,food-6456,food,44.72,192
6457,electronics-6457,electronics,46.09,199
6458,clothing-6458,clothing,47.46,206
6459,books-6459,books,48.83,213
6460,home-6460,home,50.20,220
6461,toys-6461,toys,51.57,227
6462,food-6462,food,52.94,234
6463,electronics-6463,electronics,54.31,241
6464,clothing-6464,clothing,55.68,248
6465,books-6465,books,57.05,255
6466,home-6466,home,58.42,262
6467,toys-6467,toys,59.79,269
6468,food-6468,food,61.16,276
6469,electronics-6469,electronics,62.53,283
6470,clothing-6470,clothing,63.90,290
6471,books-6471,books,65.27,297
6472,home-6472,home,66.64,304
6473,toys-6473,toys,68.01,311
6474,food-6474,food,69.38,318
6475,electronics-6475,electronics,70.75,325
6476,clothing-6476,clothing,72.12,332
6477,books-6477,books,73.49,339
6478,home-6478,home,74.86,346
6479,toys-6479,toys,76.23,353
6480,food-6480,food,77.60,360
6481,electronics-6481,electronics,78.97,367
6482,clothing-6482,clothing,80.34,374
6483,books-6483,books,81.71,381
6484,home-6484,home,83.08,388
6485,toys-6485,toys,84.45,395
6486,food-6486,food,85.82,402
6487,electronics-6487,electronics,87.19,409
6488,clothing-6488,clothing,88.56,416
6489,books-6489,books,89.93,423
6490,home-6490,home,91.30,430
6491,toys-6491,toys,92.67,437
6492,food-6492,food,94.04,444
6493,electronics-6493,electronics,95.41,451
6494,clothing-6494,clothing,96.78,458
6495,books-6495,books,98.15,465
6496,home-6496,home,99.52,472
6497,toys-6497,toys,0.89,479
6498,food-6498,food,2.26,486
6499,electronics-6499,electronics,3.63,493
6500,clothing-6500,clothing,5.00,0
6501,books-6501,books,6.37,7
6502,home-6502,home,7.74,14
6503,toys-6503,toys,9.11,21
6504,food-6504,food,10.48,28
6505,electronics-6505,electronics,11.85,35
6506,clothing-6506,clothing,13.22,42
6507,books-6507,books,14.59,49
6508,home-6508,home,15.96,56
6509,toys-6509,toys,17.33,63
6510,food-6510,food,18.70,70
6511,electronics-6511,electronics,20.07,77
6512,clothing-6512,clothing,21.44,84
6513,books-6513,books,22.81,91
6514,home-6514,home,24.18,98
6515,toys-6515,toys,25.55,105
6516,food-6516,food,26.92,112
6517,electronics-6517,electronics,28.29,119
6518,clothing-6518,clothing,29.66,126
6519,books-6519,books,31.03,133
6520,home-6520,home,32.40,140
6521,toys-6521,toys,33.77,147
6522,food-6522,food,35.14,154
6523,electronics-6523,electronics,36.51,161
6524,clothing-6524,clothing,37.88,168
6525,books-6525,books,39.25,175
6526,home-6526,home,40.62,182
6527,toys-6527,toys,41.99,189
6528,food-6528,food,43.36,196
6529,electronics-6529,electronics,44.73,203
6530,clothing-6530,clothing,46.10,210
6531,books-6531,books,47.47,217
6532,home-6532,home,48.84,224
6533,toys-6533,toys,50.21,231
6534,food-6534,food,51.58,238
6535,electronics-6535,electronics,52.95,245
6536,clothing-6536,clothing,54.32,252
6537,books-6537,books,55.69,259
6538,home-6538,home,57.06,266
6539,toys-6539,toys,58.43,273
6540,food-6540,food,59.80,280
6541,electronics-6541,electronics,61.17,287
6542,clothing-6542,clothing,62.54,294
6543,books-6543,books,63.91,301
6544,home-6544,home,65.28,308
6545,toys-6545,toys,66.65,315
6546,food-6546,food,68.02,322
6547,electronics-6547,electronics,69.39,329
6548,clothing-6548,clothing,70.76,336
6549,books-6549,books,72.13,343
6550,home-6550,home,73.50,350
6551,toys-6551,toys,74.87,357
6552,food-6552,food,76.24,364
6553,electronics-6553,electronics,77.61,371
6554,clothing-6554,clothing,78.98,378
6555,books-6555,books,80.35,385
6556,home-6556,home,81.72,392
6557,toys-6557,toys,83.09,399
6558,food-6558,food,84.46,406
6559,electronics-6559,electronics,85.83,413
6560,clothing-6560,clothing,87.20,420
6561,books-6561,books,88.57,427
6562,home-6562,home,89.94,434
6563,toys-6563,toys,91.31,441
6564,food-6564,food,92.68,448
6565,electronics-6565,electronics,94.05,455
6566,clothing-6566,clothing,95.42,462
6567,books-6567,books,96.79,469
6568,home-6568,home,98.16,476
6569,toys-6569,toys,99.53,483
6570,food-6570,food,0.90,490
6571,electronics-6571,electronics,2.27,497
6572,clothing-6572,clothing,3.64,4
6573,books-6573,books,5.01,11
6574,home-6574,home,6.38,18
6575,toys-6575,toys,7.75,25
6576,food-6576,food,9.12,32
6577,electronics-6577,electronics,10.49,39
6578,clothing-6578,clothing,11.86,46
6579,books-6579,books,13.23,53
6580,home-6580,home,14.60,60
6581,toys-6581,toys,15.97,67
6582,food-6582,food,17.34,74
6583,electronics-6583,electronics,18.71,81
6584,clothing-6584,clothing,20.08,88
6585,books-6585,books,21.45,95
6586,home-6586,home,22.82,102
6587,toys-6587,toys,24.19,109
6588,food-6588,food,25.56,116
6589,electronics-6589,electronics,26.93,123
6590,clothing-6590,clothing,28.30,130
6591,books-6591,books,29.67,137
6592,home-6592,home,31.04,144
6593,toys-6593,toys,32.41,151
6594,food-6594,food,33.78,158
6595,electronics-6595,electronics,35.15,165
6596,clothing-6596,clothing,36.52,172
6597,books-6597,books,37.89,179
6598,home-6598,home,39.26,186
6599,toys-6599,toys,40.63,193
6600,food-6600,food,42.00,200
6601,electronics-6601,electronics,43.37,207
6602,clothing-6602,clothing,44.74,214
6603,books-6603,books,46.11,221
6604,home-6604,home,47.48,228
6605,toys-6605,toys,48.85,235
6606,food-6606,food,50.22,242
6607,electronics-6607,electronics,51.59,249
6608,clothing-6608,clothing,52.96,256
6609,books-6609,books,54.33,263
6610,home-6610,home,55.70,270
6611,toys-6611,toys,57.07,277
6612,food-6612,food,58.44,284
6613,electronics-6613,electronics,59.81,291
6614,clothing-6614,clothing,61.18,298
6615,books-6615,books,62.55,305
6616,home-6616,home,63.92,312
6617,toys-6617,toys,65.29,319
6618,food-6618,food,66.66,326
6619,electronics-6619,electronics,68.03,333
6620,clothing-6620,clothing,69.40,340
6621,books-6621,books,70.77,347
6622,home-6622,home,72.14,354
6623,toys-6623,toys,73.51,361
6624,food-6624,food,74.88,368
6625,electronics-6625,electronics,76.25,375
6626,clothing-6626,clothing,77.62,382
6627,books-6627,books,78.99,389
6628,home-6628,home,80.36,396
6629,toys-6629,toys,81.73,403
6630,food-6630,food,83.10,410
6631,electronics-6631,electronics,84.47,417
6632,clothing-6632,clothing,85.84,424
6633,books-6633,books,87.21,431
6634,home-6634,home,88.58,438
6635,toys-6635,toys,89.95,445
6636,food-6636,food,91.32,452
6637,electronics-6637,electronics,92.69,459
6638,clothing-6638,clothing,94.06,466
6639,books-6639,books,95.43,473
6640,home-6640,home,96.80,480
6641,toys-6641,toys,98.17,487
6642,food-6642,food,99.54,494
6643,electronics-6643,electronics,0.91,1
6644,clothing-6644,clothing,2.28,8
6645,books-6645,books,3.65,15
6646,home-6646,home,5.02,22
6647,toys-6647,toys,6.39,29
6648,food-6648,food,7.76,36
6649,electronics-6649,electronics,9.13,43
6650,clothing-6650,clothing,10.50,50
6651,books-6651,books,11.87,57
6652,home-6652,home,13.24,64
6653,toys-6653,toys,14.61,71
6654,food-6654,food,15.98,78
6655,electronics-6655,electronics,17.35,85
6656,clothing-6656,clothing,18.72,92
6657,books-6657,books,20.09,99
6658,home-6658,home,21.46,106
6659,toys-6659,toys,22.83,113
6660,food-6660,food,24.20,120
6661,electronics-6661,electronics,25.57,127
6662,clothing-6662,clothing,26.94,134
6663,books-6663,books,28.31,141
6664,home-6664,home,29.68,148
6665,toys-6665,toys,31.05,155
6666,food-6666,food,32.42,162
6667,electronics-6667,electronics,33.79,169
6668,clothing-6668,clothing,35.16,176
6669,books-6669,books,36.53,183
6670,home-6670,home,37.90,190
6671,toys-6671,toys,39.27,197
6672,food-6672,food,40.64,204
6673,electronics-6673,electronics,42.01,211
6674,clothing-6674,clothing,43.38,218
6675,books-6675,books,44.75,225
6676,home-6676,home,46.12,232
6677,toys-6677,toys,47.49,239
6678,food-6678,food,48.86,246
6679,electronics-6679,electronics,50.23,253
6680,clothing-6680,clothing,51.60,260
6681,books-6681,books,52.97,267
6682,home-6682,home,54.34,274
6683,toys-6683,toys,55.71,281
6684,food-6684,food,57.08,288
6685,electronics-6685,electronics,58.45,295
6686,clothing-6686,clothing,59.82,302
6687,books-6687,books,61.19,309
6688,home-6688,home,62.56,316
6689,toys-6689,toys,63.93,323
6690,food-6690,food,65.30,330
6691,electronics-6691,electronics,66.67,337
6692,clothing-6692,clothing,68.04,344
6693,books-6693,books,69.41,351
6694,home-6694,home,70.78,358
6695,toys-6695,toys,72.15,365
6696,food-6696,food,73.52,372
6697,electronics-6697,electronics,74.89,379
6698,clothing-6698,clothing,76.26,386
6699,books-6699,books,77.63,393
6700,home-6700,home,79.00,400
6701,toys-6701,toys,80.37,407
6702,food-6702,food,81.74,414
6703,electronics-6703,electronics,83.11,421
6704,clothing-6704,clothing,84.48,428
6705,books-6705,books,85.85,435
6706,home-6706,home,87.22,442
6707,toys-6707,toys,88.59,449
6708,food-6708,food,89.96,456
6709,electronics-6709,electronics,91.33,463
6710,clothing-6710,clothing,92.70,470
6711,books-6711,books,94.07,477
6712,home-6712,home,95.44,484
6713,toys-6713,toys,96.81,491
6714,food-6714,food,98.18,498
6715,electronics-6715,electronics,99.55,5
6716,clothing-6716,clothing,0.92,12
6717,books-6717,books,2.29,19
6718,home-6718,home,3.66,26
6719,toys-6719,toys,5.03,33
6720,food-6720,food,6.40,40
6721,electronics-6721,electronics,7.77,47
6722,clothing-6722,clothing,9.14,54
6723,books-6723,books,10.51,61
6724,home-6724,home,11.88,68
6725,toys-6725,toys,13.25,75
6726,food-6726,food,14.62,82
6727,electronics-6727,electronics,15.99,89
6728,clothing-6728,clothing,17.36,96
6729,books-6729,books,18.73,103
6730,home-6730,home,20.10,110
6731,toys-6731,toys,21.47,117
6732,food-6732,food,22.84,124
6733,electronics-6733,electronics,24.21,131
6734,clothing-6734,clothing,25.58,138
6735,books-6735,books,26.95,145
6736,home-6736,home,28.32,152
6737,toys-6737,toys,29.69,159
6738,food-6738,food,31.06,166
6739,electronics-6739,electronics,32.43,173
6740,clothing-6740,clothing,33.80,180
6741,books-6741,books,35.17,187
6742,home-6742,home,36.54,194
6743,toys-6743,toys,37.91,201
6744,food-6744,food,39.28,208
6745,electronics-6745,electronics,40.65,215
6746,clothing-6746,clothing,42.02,222
6747,books-6747,books,43.39,229
6748,home-6748,home,44.76,236
6749,toys-6749,toys,46.13,243
6750,food-6750,food,47.50,250
6751,electronics-6751,electronics,48.87,257
6752,clothing-6752,clothing,50.24,264
6753,books-6753,books,51.61,271
6754,home-6754,home,52.98,278
6755,toys-6755,toys,54.35,285
6756,food-6756,food,55.72,292
6757,electronics-6757,electronics,57.09,299
6758,clothing-6758,clothing,58.46,306
6759,books-6759,books,59.83,313
6760,home-6760,home,61.20,320
6761,toys-6761,toys,62.57,327
6762,food-6762,food,63.94,334
6763,electronics-6763,electronics,65.31,341
6764,clothing-6764,clothing,66.68,348
6765,books-6765,books,68.05,355
6766,home-6766,home,69.42,362
6767,toys-6767,toys,70.79,369
6768,food-6768,food,72.16,376
6769,electronics-6769,electronics,73.53,383
6770,clothing-6770,clothing,74.90,390
6771,books-6771,books,76.27,397
6772,home-6772,home,77.64,404
6773,toys-6773,toys,79.01,411
6774,food-6774,food,80.38,418
6775,electronics-6775,electronics,81.75,425
6776,clothing-6776,clothing,83.12,432
6777,books-6777,books,84.49,439
6778,home-6778,home,85.86,446
6779,toys-6779,toys,87.23,453
6780,food-6780,food,88.60,460
6781,electronics-6781,electronics,89.97,467
6782,clothing-6782,clothing,91.34,474
6783,books-6783,books,92.71,481
6784,home-6784,home,94.08,488
6785,toys-6785,toys,95.45,495
6786,food-6786,food,96.82,2
6787,electronics-6787,electronics,98.19,9
6788,clothing-6788,clothing,99.56,16
6789,books-6789,books,0.93,23
6790,home-6790,home,2.30,30
6791,toys-6791,toys,3.67,37
6792,food-6792,food,5.04,44
6793,electronics-6793,electronics,6.41,51
6794,clothing-6794,clothing,7.78,58
6795,books-6795,books,9.15,65
6796,home-6796,home,10.52,72
6797,toys-6797,toys,11.89,79
6798,food-6798,food,13.26,86
6799,electronics-6799,electronics,14.63,93
6800,clothing-6800,clothing,16.00,100
6801,books-6801,books,17.37,107
6802,home-6802,home,18.74,114
6803,toys-6803,toys,20.11,121
6804,food-6804,food,21.48,128
6805,electronics-6805,electronics,22.85,135
6806,clothing-6806,clothing,24.22,142
6807,books-6807,books,25.59,149
6808,home-6808,home,26.96,156
6809,toys-6809,toys,28.33,163
6810,food-6810,food,29.70,170
6811,electronics-6811,electronics,31.07,177
6812,clothing-6812,clothing,32.44,184
6813,books-6813,books,33.81,191
6814,home-6814,home,35.18,198
6815,toys-6815,toys,36.55,205
6816,food-6816,food,37.92,212
6817,electronics-6817,electronics,39.29,219
6818,clothing-6818,clothing,40.66,226
6819,books-6819,books,42.03,233
6820,home-6820,home,43.40,240
6821,toys-6821,toys,44.77,247
6822,food-6822,food,46.14,254
6823,electronics-6823,electronics,47.51,261
6824,clothing-6824,clothing,48.88,268
6825,books-6825,books,50.25,275
6826,home-6826,home,51.62,282
6827,toys-6827,toys,52.99,289
6828,food-6828,food,54.36,296
6829,electronics-6829,electronics,55.73,303
6830,clothing-6830,clothing,57.10,310
6831,books-6831,books,58.47,317
6832,home-6832,home,59.84,324
6833,toys-6833,toys,61.21,331
6834,food-6834,food,62.58,338
6835,electronics-6835,electronics,63.95,345
6836,clothing-6836,clothing,65.32,352
6837,books-6837,books,66.69,359
6838,home-6838,home,68.06,366
6839,toys-6839,toys,69.43,373
6840,food-6840,food,70.80,380
6841,electronics-6841,electronics,72.17,387
6842,clothing-6842,clothing,73.54,394
6843,books-6843,books,74.91,401
6844,home-6844,home,76.28,408
6845,toys-6845,toys,77.65,415
6846,food-6846,food,79.02,422
6847,electronics-6847,electronics,80.39,429
6848,clothing-6848,clothing,81.76,436
6849,books-6849,books,83.13,443
6850,home-6850,home,84.50,450
6851,toys-6851,toys,85.87,457
6852,food-6852,food,87.24,464
6853,electronics-6853,electronics,88.61,471
6854,clothing-6854,clothing,89.98,478
6855,books-6855,books,91.35,485
6856,home-6856,home,92.72,492
6857,toys-6857,toys,94.09,499
6858,food-6858,food,95.46,6
6859,electronics-6859,electronics,96.83,13
6860,clothing-6860,clothing,98.20,20
6861,books-6861,books,99.57,27
6862,home-6862,home,0.94,34
6863,toys-6863,toys,2.31,41
6864,food-6864,food,3.68,48
6865,electronics-6865,electronics,5.05,55
6866,clothing-6866,clothing,6.42,62
6867,books-6867,books,7.79,69
6868,home-6868,home,9.16,76
6869,toys-6869,toys,10.53,83
6870,food-6870,food,11.90,90
6871,electronics-6871,electronics,13.27,97
6872,clothing-6872,clothing,14.64,104
6873,books-6873,books,16.01,111
6874,home-6874,home,17.38,118
6875,toys-6875,toys,18.75,125
6876,food-6876,food,20.12,132
6877,electronics-6877,electronics,21.49,139
6878,clothing-6878,clothing,22.86,146
6879,books-6879,books,24.23,153
6880,home-6880,home,25.60,160
6881,toys-6881,toys,26.97,167
6882,food-6882,food,28.34,174
6883,electronics-6883,electronics,29.71,181
6884,clothing-6884,clothing,31.08,188
6885,books-6885,books,32.45,195
6886,home-6886,home,33.82,202
6887,toys-6887,toys,35.19,209
6888,food-6888,food,36.56,216
6889,electronics-6889,electronics,37.93,223
6890,clothing-6890,clothing,39.30,230
6891,books-6891,books,40.67,237
6892,home-6892,home,42.04,244
6893,toys-6893,toys,43.41,251
6894,food-6894,food,44.78,258
6895,electronics-6895,electronics,46.15,265
6896,clothing-6896,clothing,47.52,272
6897,books-6897,books,48.89,279
6898,home-6898,home,50.26,286
6899,toys-6899,toys,51.63,293
6900,food-6900,food,53.00,300
6901,electronics-6901,electronics,54.37,307
6902,clothing-6902,clothing,55.74,314
6903,books-6903,books,57.11,321
6904,home-6904,home,58.48,328
6905,toys-6905,toys,59.85,335
6906,food-6906,food,61.22,342
6907,electronics-6907,electronics,62.59,349
6908,clothing-6908,clothing,63.96,356
6909,books-6909,books,65.33,363
6910,home-6910,home,66.70,370
6911,toys-6911,toys,68.07,377
6912,food-6912,food,69.44,384
6913,electronics-6913,electronics,70.81,391
6914,clothing-6914,clothing,72.18,398
6915,books-6915,books,73.55,405
6916,home-6916,home,74.92,412
6917,toys-6917,toys,76.29,419
6918,food-6918,food,77.66,426
6919,electronics-6919,electronics,79.03,433
6920,clothing-6920,clothing,80.40,440
6921,books-6921,books,81.77,447
6922,home-6922,home,83.14,454
6923,toys-6923,toys,84.51,461
6924,food-6924,food,85.88,468
6925,electronics-6925,electronics,87.25,475
6926,clothing-6926,clothing,88.62,482
6927,books-6927,books,89.99,489
6928,home-6928,home,91.36,496
6929,toys-6929,toys,92.73,3
6930,food-6930,food,94.10,10
6931,electronics-6931,electronics,95.47,17
6932,clothing-6932,clothing,96.84,24
6933,books-6933,books,98.21,31
6934,home-6934,home,99.58,38
6935,toys-6935,toys,0.95,45
6936,food-6936,food,2.32,52
6937,electronics-6937,electronics,3.69,59
6938,clothing-6938,clothing,5.06,66
6939,books-6939,books,6.43,73
6940,home-6940,home,7.80,80
6941,toys-6941,toys,9.17,87
6942,food-6942,food,10.54,94
6943,electronics-6943,electronics,11.91,101
6944,clothing-6944,clothing,13.28,108
6945,books-6945,books,14.65,115
6946,home-6946,home,16.02,122
6947,toys-6947,toys,17.39,129
6948,food-6948,food,18.76,136
6949,electronics-6949,electronics,20.13,143
6950,clothing-6950,clothing,21.50,150
6951,books-6951,books,22.87,157
6952,home-6952,home,24.24,164
6953,toys-6953,toys,25.61,171
6954,food-6954,food,26.98,178
6955,electronics-6955,electronics,28.35,185
6956,clothing-6956,clothing,29.72,192
6957,books-6957,books,31.09,199
6958,home-6958,home,32.46,206
6959,toys-6959,toys,33.83,213
6960,food-6960,food,35.20,220
6961,electronics-6961,electronics,36.57,227
6962,clothing-6962,clothing,37.94,234
6963,books-6963,books,39.31,241
6964,home-6964,home,40.68,248
6965,toys-6965,toys,42.05,255
6966,food-6966,food,43.42,262
6967,electronics-6967,electronics,44.79,269
6968,clothing-6968,clothing,46.16,276
6969,books-6969,books,47.53,283
6970,home-6970,home,48.90,290
6971,toys-6971,toys,50.27,297
6972,food-6972,food,51.64,304
6973,electronics-6973,electronics,53.01,311
6974,clothing-6974,clothing,54.38,318
6975,books-6975,books,55.75,325
6976,home-6976,home,57.12,332
6977,toys-6977,toys,58.49,339
6978,food-6978,food,59.86,346
6979,electronics-6979,electronics,61.23,353
6980,clothing-6980,clothing,62.60,360
6981,books-6981,books,63.97,367
6982,home-6982,home,65.34,374
6983,toys-6983,toys,66.71,381
6984,food-6984,food,68.08,388
6985,electronics-6985,electronics,69.45,395
6986,clothing-6986,clothing,70.82,402
6987,books-6987,books,72.19,409
6988,home-6988,home,73.56,416
6989,toys-6989,toys,74.93,423
6990,food-6990,food,76.30,430
6991,electronics-6991,electronics,77.67,437
6992,clothing-6992,clothing,79.04,444
6993,books-6993,books,80.41,451
6994,home-6994,home,81.78,458
6995,toys-6995,toys,83.15,465
6996,food-6996,food,84.52,472
6997,electronics-6997,electronics,85.89,479
6998,clothing-6998,clothing,87.26,486
6999,books-6999,books,88.63,493
7000,home-7000,home,90.00,0
7001,toys-7001,toys,91.37,7
7002,food-7002,food,92.74,14
7003,electronics-7003,electronics,94.11,21
7004,clothing-7004,clothing,95.48,28
7005,books-7005,books,96.85,35
7006,home-7006,home,98.22,42
7007,toys-7007,toys,99.59,49
7008,food-7008,food,0.96,56
7009,electronics-7009,electronics,2.33,63
7010,clothing-7010,clothing,3.70,70
7011,books-7011,books,5.07,77
7012,home-7012,home,6.44,84
7013,toys-7013,toys,7.81,91
7014,food-7014,food,9.18,98
7015,electronics-7015,electronics,10.55,105
7016,clothing-7016,clothing,11.92,112
7017,books-7017,books,13.29,119
7018,home-7018,home,14.66,126
7019,toys-7019,toys,16.03,133
7020,food-7020,food,17.40,140
7021,electronics-7021,electronics,18.77,147
7022,clothing-7022,clothing,20.14,154
7023,books-7023,books,21.51,161
7024,home-7024,home,22.88,168
7025,toys-7025,toys,24.25,175
7026,food-7026,food,25.62,182
7027,electronics-7027,electronics,26.99,189
7028,clothing-7028,clothing,28.36,196
7029,books-7029,books,29.73,203
7030,home-7030,home,31.10,210
7031,toys-7031,toys,32.47,217
7032,food-7032,food,33.84,224
7033,electronics-7033,electronics,35.21,231
7034,clothing-7034,clothing,36.58,238
7035,books-7035,books,37.95,245
7036,home-7036,home,39.32,252
7037,toys-7037,toys,40.69,259
7038,food-7038,food,42.06,266
7039,electronics-7039,electronics,43.43,273
7040,clothing-7040,clothing,44.80,280
7041,books-7041,books,46.17,287
7042,home-7042,home,47.54,294
7043,toys-7043,toys,48.91,301
7044,food-7044,food,50.28,308
7045,electronics-7045,electronics,51.65,315
7046,clothing-7046,clothing,53.02,322
7047,books-7047,books,54.39,329
7048,home-7048,home,55.76,336
7049,toys-7049,toys,57.13,343
7050,food-7050,food,58.50,350
7051,electronics-7051,electronics,59.87,357
7052,clothing-7052,clothing,61.24,364
7053,books-7053,books,62.61,371
7054,home-7054,home,63.98,378
7055,toys-7055,toys,65.35,385
7056,food-7056,food,66.72,392
7057,electronics-7057,electronics,68.09,399
7058,clothing-7058,clothing,69.46,406
7059,books-7059,books,70.83,413
7060,home-7060,home,72.20,420
7061,toys-7061,toys,73.57,427
7062,food-7062,food,74.94,434
7063,electronics-7063,electronics,76.31,441
7064,clothing-7064,clothing,77.68,448
7065,books-7065,books,79.05,455
7066,home-7066,home,80.42,462
7067,toys-7067,toys,81.79,469
7068,food-7068,food,83.16,476
7069,electronics-7069,electronics,84.53,483
7070,clothing-7070,clothing,85.90,490
7071,books-7071,books,87.27,497
7072,home-7072,home,88.64,4
7073,toys-7073,toys,90.01,11
7074,food-7074,food,91.38,18
7075,electronics-7075,electronics,92.75,25
7076,clothing-7076,clothing,94.12,32
7077,books-7077,books,95.49,39
7078,home-7078,home,96.86,46
7079,toys-7079,toys,98.23,53
7080,food-7080,food,99.60,60
7081,electronics-7081,electronics,0.97,67
7082,clothing-7082,clothing,2.34,74
7083,books-7083,books,3.71,81
7084,home-7084,home,5.08,88
7085,toys-7085,toys,6.45,95
7086,food-7086,food,7.82,102
7087,electronics-7087,electronics,9.19,109
7088,clothing-7088,clothing,10.56,116
7089,books-7089,books,11.93,123
7090,home-7090,home,13.30,130
7091,toys-7091,toys,14.67,137
7092,food-7092,food,16.04,144
7093,electronics-7093,electronics,17.41,151
7094,clothing-7094,clothing,18.78,158
7095,books-7095,books,20.15,165
7096,home-7096,home,21.52,172
7097,toys-7097,toys,22.89,179
7098,food-7098,food,24.26,186
7099,electronics-7099,electronics,25.63,193
7100,clothing-7100,clothing,27.00,200
7101,books-7101,books,28.37,207
7102,home-7102,home,29.74,214
7103,toys-7103,toys,31.11,221
7104,food-7104,food,32.48,228
7105,electronics-7105,electronics,33.85,235
7106,clothing-7106,clothing,35.22,242
7107,books-7107,books,36.59,249
7108,home-7108,home,37.96,256
7109,toys-7109,toys,39.33,263
7110,food-7110,food,40.70,270
7111,electronics-7111,electronics,42.07,277
7112,clothing-7112,clothing,43.44,284
7113,books-7113,books,44.81,291
7114,home-7114,home,46.18,298
7115,toys-7115,toys,47.55,305
7116,food-7116,food,48.92,312
7117,electronics-7117,electronics,50.29,319
7118,clothing-7118,clothing,51.66,326
7119,books-7119,books,53.03,333
7120,home-7120,home,54.40,340
7121,toys-7121,toys,55.77,347
7122,food-7122,food,57.14,354
7123,electronics-7123,electronics,58.51,361
7124,clothing-7124,clothing,59.88,368
7125,books-7125,books,61.25,375
7126,home-7126,home,62.62,382
7127,toys-7127,toys,63.99,389
7128,food-7128,food,65.36,396
7129,electronics-7129,electronics,66.73,403
7130,clothing-7130,clothing,68.10,410
7131,books-7131,books,69.47,417
7132,home-7132,home,70.84,424
7133,toys-7133,toys,72.21,431
7134,food-7134,food,73.58,438
7135,electronics-7135,electronics,74.95,445
7136,clothing-7136,clothing,76.32,452
7137,books-7137,books,77.69,459
7138,home-7138,home,79.06,466
7139,toys-7139,toys,80.43,473
7140,food-7140,food,81.80,480
7141,electronics-7141,electronics,83.17,487
7142,clothing-7142,clothing,84.54,494
7143,books-7143,books,85.91,1
7144,home-7144,home,87.28,8
7145,toys-7145,toys,88.65,15
7146,food-7146,food,90.02,22
7147,electronics-7147,electronics,91.39,29
7148,clothing-7148,clothing,92.76,36
7149,books-7149,books,94.13,43
7150,home-7150,home,95.50,50
7151,toys-7151,toys,96.87,57
7152,food-7152,food,98.24,64
7153,electronics-7153,electronics,99.61,71
7154,clothing-7154,clothing,0.98,78
7155,books-7155,books,2.35,85
7156,home-7156,home,3.72,92
7157,toys-7157,toys,5.09,99
7158,food-7158,food,6.46,106
7159,electronics-7159,electronics,7.83,113
7160,clothing-7160,clothing,9.20,120
7161,books-7161,books,10.57,127
7162,home-7162,home,11.94,134
7163,toys-7163,toys,13.31,141
7164,food-7164,food,14.68,148
7165,electronics-7165,electronics,16.05,155
7166,clothing-7166,clothing,17.42,162
7167,books-7167,books,18.79,169
7168,home-7168,home,20.16,176
7169,toys-7169,toys,21.53,183
7170,food-7170,food,22.90,190
7171,electronics-7171,electronics,24.27,197
7172,clothing-7172,clothing,25.64,204
7173,books-7173,books,27.01,211
7174,home-7174,home,28.38,218
7175,toys-7175,toys,29.75,225
7176,food-7176,food,31.12,232
7177,electronics-7177,electronics,32.49,239
7178,clothing-7178,clothing,33.86,246
7179,books-7179,books,35.23,253
7180,home-7180,home,36.60,260
7181,toys-7181,toys,37.97,267
7182,food-7182,food,39.34,274
7183,electronics-7183,electronics,40.71,281
7184,clothing-7184,clothing,42.08,288
7185,books-7185,books,43.45,295
7186,home-7186,home,44.82,302
7187,toys-7187,toys,46.19,309
7188,food-7188,food,47.56,316
7189,electronics-7189,electronics,48.93,323
7190,clothing-7190,clothing,50.30,330
7191,books-7191,books,51.67,337
7192,home-7192,home,53.04,344
7193,toys-7193,toys,54.41,351
7194,food-7194,food,55.78,358
7195,electronics-7195,electronics,57.15,365
7196,clothing-7196,clothing,58.52,372
7197,books-7197,books,59.89,379
7198,home-7198,home,61.26,386
7199,toys-7199,toys,62.63,393
7200,food-7200,food,64.00,400
7201,electronics-7201,electronics,65.37,407
7202,clothing-7202,clothing,66.74,414
7203,books-7203,books,68.11,421
7204,home-7204,home,69.48,428
7205,toys-7205,toys,70.85,435
7206,food-7206,food,72.22,442
7207,electronics-7207,electronics,73.59,449
7208,clothing-7208,clothing,74.96,456
7209,books-7209,books,76.33,463
7210,home-7210,home,77.70,470
7211,toys-7211,toys,79.07,477
7212,food-7212,food,80.44,484
7213,electronics-7213,electronics,81.81,491
7214,clothing-7214,clothing,83.18,498
7215,books-7215,books,84.55,5
7216,home-7216,home,85.92,12
7217,toys-7217,toys,87.29,19
7218,food-7218,food,88.66,26
7219,electronics-7219,electronics,90.03,33
7220,clothing-7220,clothing,91.40,40
7221,books-7221,books,92.77,47
7222,home-7222,home,94.14,54
7223,toys-7223,toys,95.51,61
7224,food-7224,food,96.88,68
7225,electronics-7225,electronics,98.25,75
7226,clothing-7226,clothing,99.62,82
7227,books-7227,books,0.99,89
7228,home-7228,home,2.36,96
7229,toys-7229,toys,3.73,103
7230,food-7230,food,5.10,110
7231,electronics-7231,electronics,6.47,117
7232,clothing-7232,clothing,7.84,124
7233,books-7233,books,9.21,131
7234,home-7234,home,10.58,138
7235,toys-7235,toys,11.95,145
7236,food-7236,food,13.32,152
7237,electronics-7237,electronics,14.69,159
7238,clothing-7238,clothing,16.06,166
7239,books-7239,books,17.43,173
7240,home-7240,home,18.80,180
7241,toys-7241,toys,20.17,187
7242,food-7242,food,21.54,194
7243,electronics-7243,electronics,22.91,201
7244,clothing-7244,clothing,24.28,208
7245,books-7245,books,25.65,215
7246,home-7246,home,27.02,222
7247,toys-7247,toys,28.39,229
7248,food-7248,food,29.76,236
7249,electronics-7249,electronics,31.13,243
7250,clothing-7250,clothing,32.50,250
7251,books-7251,books,33.87,257
7252,home-7252,home,35.24,264
7253,toys-7253,toys,36.61,271
7254,food-7254,food,37.98,278
7255,electronics-7255,electronics,39.35,285
7256,clothing-7256,clothing,40.72,292
7257,books-7257,books,42.09,299
7258,home-7258,home,43.46,306
7259,toys-7259,toys,44.83,313
7260,food-7260,food,46.20,320
7261,electronics-7261,electronics,47.57,327
7262,clothing-7262,clothing,48.94,334
7263,books-7263,books,50.31,341
7264,home-7264,home,51.68,348
7265,toys-7265,toys,53.05,355
7266,food-7266,food,54.42,362
7267,electronics-7267,electronics,55.79,369
7268,clothing-7268,clothing,57.16,376
7269,books-7269,books,58.53,383
7270,home-7270,home,59.90,390
7271,toys-7271,toys,61.27,397
7272,food-7272,food,62.64,404
7273,electronics-7273,electronics,64.01,411
7274,clothing-7274,clothing,65.38,418
7275,books-7275,books,66.75,425
7276,home-7276,home,68.12,432
7277,toys-7277,toys,69.49,439
7278,food-7278,food,70.86,446
7279,electronics-7279,electronics,72.23,453
7280,clothing-7280,clothing,73.60,460
7281,books-7281,books,74.97,467
7282,home-7282,home,76.34,474
7283,toys-7283,toys,77.71,481
7284,food-7284,food,79.08,488
7285,electronics-7285,electronics,80.45,495
7286,clothing-7286,clothing,81.82,2
7287,books-7287,books,83.19,9
7288,home-7288,home,84.56,16
7289,toys-7289,toys,85.93,23
7290,food-7290,food,87.30,30
7291,electronics-7291,electronics,88.67,37
7292,clothing-7292,clothing,90.04,44
7293,books-7293,books,91.41,51
7294,home-7294,home,92.78,58
7295,toys-7295,toys,94.15,65
7296,food-7296,food,95.52,72
7297,electronics-7297,electronics,96.89,79
7298,clothing-7298,clothing,98.26,86
7299,books-7299,books,99.63,93
7300,home-7300,home,1.00,100
7301,toys-7301,toys,2.37,107
7302,food-7302,food,3.74,114
7303,electronics-7303,electronics,5.11,121
7304,clothing-7304,clothing,6.48,128
7305,books-7305,books,7.85,135
7306,home-7306,home,9.22,142
7307,toys-7307,toys,10.59,149
7308,food-7308,food,11.96,156
7309,electronics-7309,electronics,13.33,163
7310,clothing-7310,clothing,14.70,170
7311,books-7311,books,16.07,177
7312,home-7312,home,17.44,184
7313,toys-7313,toys,18.81,191
7314,food-7314,food,20.18,198
7315,electronics-7315,electronics,21.55,205
7316,clothing-7316,clothing,22.92,212
7317,books-7317,books,24.29,219
7318,home-7318,home,25.66,226
7319,toys-7319,toys,27.03,233
7320,food-7320,food,28.40,240
7321,electronics-7321,electronics,29.77,247
7322,clothing-7322,clothing,31.14,254
7323,books-7323,books,32.51,261
7324,home-7324,home,33.88,268
7325,toys-7325,toys,35.25,275
7326,food-7326,food,36.62,282
7327,electronics-7327,electronics,37.99,289
7328,clothing-7328,clothing,39.36,296
7329,books-7329,books,40.73,303
7330,home-7330,home,42.10,310
7331,toys-7331,toys,43.47,317
7332,food-7332,food,44.84,324
7333,electronics-7333,electronics,46.21,331
7334,clothing-7334,clothing,47.58,338
7335,books-7335,books,48.95,345
7336,home-7336,home,50.32,352
7337,toys-7337,toys,51.69,359
7338,food-7338,food,53.06,366
7339,electronics-7339,electronics,54.43,373
7340,clothing-7340,clothing,55.80,380
7341,books-7341,books,57.17,387
7342,home-7342,home,58.54,394
7343,toys-7343,toys,59.91,401
7344,food-7344,food,61.28,408
7345,electronics-7345,electronics,62.65,415
7346,clothing-7346,clothing,64.02,422
7347,books-7347,books,65.39,429
7348,home-7348,home,66.76,436
7349,toys-7349,toys,68.13,443
7350,food-7350,food,69.50,450
7351,electronics-7351,electronics,70.87,457
7352,clothing-7352,clothing,72.24,464
7353,books-7353,books,73.61,471
7354,home-7354,home,74.98,478
7355,toys-7355,toys,76.35,485
7356,food-7356,food,77.72,492
7357,electronics-7357,electronics,79.09,499
7358,clothing-7358,clothing,80.46,6
7359,books-7359,books,81.83,13
7360,home-7360,home,83.20,20
7361,toys-7361,toys,84.57,27
7362,food-7362,food,85.94,34
7363,electronics-7363,electronics,87.31,41
7364,clothing-7364,clothing,88.68,48
7365,books-7365,books,90.05,55
7366,home-7366,home,91.42,62
7367,toys-7367,toys,92.79,69
7368,food-7368,food,94.16,76
7369,electronics-7369,electronics,95.53,83
7370,clothing-7370,clothing,96.90,90
7371,books-7371,books,98.27,97
7372,home-7372,home,99.64,104
7373,toys-7373,toys,1.01,111
7374,food-7374,food,2.38,118
7375,electronics-7375,electronics,3.75,125
7376,clothing-7376,clothing,5.12,132
7377,books-7377,books,6.49,139
7378,home-7378,home,7.86,146
7379,toys-7379,toys,9.23,153
7380,food-7380,food,10.60,160
7381,electronics-7381,electronics,11.97,167
7382,clothing-7382,clothing,13.34,174
7383,books-7383,books,14.71,181
7384,home-7384,home,16.08,188
7385,toys-7385,toys,17.45,195
7386,food-7386,food,18.82,202
7387,electronics-7387,electronics,20.19,209
7388,clothing-7388,clothing,21.56,216
7389,books-7389,books,22.93,223
7390,home-7390,home,24.30,230
7391,toys-7391,toys,25.67,237
7392,food-7392,food,27.04,244
7393,electronics-7393,electronics,28.41,251
7394,clothing-7394,clothing,29.78,258
7395,books-7395,books,31.15,265
7396,home-7396,home,32.52,272
7397,toys-7397,toys,33.89,279
7398,food-7398,food,35.26,286
7399,electronics-7399,electronics,36.63,293
7400,clothing-7400,clothing,38.00,300
7401,books-7401,books,39.37,307
7402,home-7402,home,40.74,314
7403,toys-7403,toys,42.11,321
7404,food-7404,food,43.48,328
7405,electronics-7405,electronics,44.85,335
7406,clothing-7406,clothing,46.22,342
7407,books-7407,books,47.59,349
7408,home-7408,home,48.96,356
7409,toys-7409,toys,50.33,363
7410,food-7410,food,51.70,370
7411,electronics-7411,electronics,53.07,377
7412,clothing-7412,clothing,54.44,384
7413,books-7413,books,55.81,391
7414,home-7414,home,57.18,398
7415,toys-7415,toys,58.55,405
7416,food-7416,food,59.92,412
7417,electronics-7417,electronics,61.29,419
7418,clothing-7418,clothing,62.66,426
7419,books-7419,books,64.03,433
7420,home-7420,home,65.40,440
7421,toys-7421,toys,66.77,447
7422,food-7422,food,68.14,454
7423,electronics-7423,electronics,69.51,461
7424,clothing-7424,clothing,70.88,468
7425,books-7425,books,72.25,475
7426,home-7426,home,73.62,482
7427,toys-7427,toys,74.99,489
7428,food-7428,food,76.36,496
7429,electronics-7429,electronics,77.73,3
7430,clothing-7430,clothing,79.10,10
7431,books-7431,books,80.47,17
7432,home-7432,home,81.84,24
7433,toys-7433,toys,83.21,31
7434,food-7434,food,84.58,38
7435,electronics-7435,electronics,85.95,45
7436,clothing-7436,clothing,87.32,52
7437,books-7437,books,88.69,59
7438,home-7438,home,90.06,66
7439,toys-7439,toys,91.43,73
7440,food-7440,food,92.80,80
7441,electronics-7441,electronics,94.17,87
7442,clothing-7442,clothing,95.54,94
7443,books-7443,books,96.91,101
7444,home-7444,home,98.28,108
7445,toys-7445,toys,99.65,115
7446,food-7446,food,1.02,122
7447,electronics-7447,electronics,2.39,129
7448,clothing-7448,clothing,3.76,136
7449,books-7449,books,5.13,143
7450,home-7450,home,6.50,150
7451,toys-7451,toys,7.87,157
7452,food-7452,food,9.24,164
7453,electronics-7453,electronics,10.61,171
7454,clothing-7454,clothing,11.98,178
7455,books-7455,books,13.35,185
7456,home-7456,home,14.72,192
7457,toys-7457,toys,16.09,199
7458,food-7458,food,17.46,206
7459,electronics-7459,electronics,18.83,213
7460,clothing-7460,clothing,20.20,220
7461,books-7461,books,21.57,227
7462,home-7462,home,22.94,234
7463,toys-7463,toys,24.31,241
7464,food-7464,food,25.68,248
7465,electronics-7465,electronics,27.05,255
7466,clothing-7466,clothing,28.42,262
7467,books-7467,books,29.79,269
7468,home-7468,home,31.16,276
7469,toys-7469,toys,32.53,283
7470,food-7470,food,33.90,290
7471,electronics-7471,electronics,35.27,297
7472,clothing-7472,clothing,36.64,304
7473,books-7473,books,38.01,311
7474,home-7474,home,39.38,318
7475,toys-7475,toys,40.75,325
7476,food-7476,food,42.12,332
7477,electronics-7477,electronics,43.49,339
7478,clothing-7478,clothing,44.86,346
7479,books-7479,books,46.23,353
7480,home-7480,home,47.60,360
7481,toys-7481,toys,48.97,367
7482,food-7482,food,50.34,374
7483,electronics-7483,electronics,51.71,381
7484,clothing-7484,clothing,53.08,388
7485,books-7485,books,54.45,395
7486,home-7486,home,55.82,402
7487,toys-7487,toys,57.19,409
7488,food-7488,food,58.56,416
7489,electronics-7489,electronics,59.93,423
7490,clothing-7490,clothing,61.30,430
7491,books-7491,books,62.67,437
7492,home-7492,home,64.04,444
7493,toys-7493,toys,65.41,451
7494,food-7494,food,66.78,458
7495,electronics-7495,electronics,68.15,465
7496,clothing-7496,clothing,69.52,472
7497,books-7497,books,70.89,479
7498,home-7498,home,72.26,486
7499,toys-7499,toys,73.63,493
7500,food-7500,food,75.00,0
7501,electronics-7501,electronics,76.37,7
7502,clothing-7502,clothing,77.74,14
7503,books-7503,books,79.11,21
7504,home-7504,home,80.48,28
7505,toys-7505,toys,81.85,35
7506,food-7506,food,83.22,42
7507,electronics-7507,electronics,84.59,49
7508,clothing-7508,clothing,85.96,56
7509,books-7509,books,87.33,63
7510,home-7510,home,88.70,70
7511,toys-7511,toys,90.07,77
7512,food-7512,food,91.44,84
7513,electronics-7513,electronics,92.81,91
7514,clothing-7514,clothing,94.18,98
7515,books-7515,books,95.55,105
7516,home-7516,home,96.92,112
7517,toys-7517,toys,98.29,119
7518,food-7518,food,99.66,126
7519,electronics-7519,electronics,1.03,133
7520,clothing-7520,clothing,2.40,140
7521,books-7521,books,3.77,147
7522,home-7522,home,5.14,154
7523,toys-7523,toys,6.51,161
7524,food-7524,food,7.88,168
7525,electronics-7525,electronics,9.25,175
7526,clothing-7526,clothing,10.62,182
7527,books-7527,books,11.99,189
7528,home-7528,home,13.36,196
7529,toys-7529,toys,14.73,203
7530,food-7530,food,16.10,210
7531,electronics-7531,electronics,17.47,217
7532,clothing-7532,clothing,18.84,224
7533,books-7533,books,20.21,231
7534,home-7534,home,21.58,238
7535,toys-7535,toys,22.95,245
7536,food-7536,food,24.32,252
7537,electronics-7537,electronics,25.69,259
7538,clothing-7538,clothing,27.06,266
7539,books-7539,books,28.43,273
7540,home-7540,home,29.80,280
7541,toys-7541,toys,31.17,287
7542,food-7542,food,32.54,294
7543,electronics-7543,electronics,33.91,301
7544,clothing-7544,clothing,35.28,308
7545,books-7545,books,36.65,315
7546,home-7546,home,38.02,322
7547,toys-7547,toys,39.39,329
7548,food-7548,food,40.76,336
7549,electronics-7549,electronics,42.13,343
7550,clothing-7550,clothing,43.50,350
7551,books-7551,books,44.87,357
7552,home-7552,home,46.24,364
7553,toys-7553,toys,47.61,371
7554,food-7554,food,48.98,378
7555,electronics-7555,electronics,50.35,385
7556,clothing-7556,clothing,51.72,392
7557,books-7557,books,53.09,399
7558,home-7558,home,54.46,406
7559,toys-7559,toys,55.83,413
7560,food-7560,food,57.20,420
7561,electronics-7561,electronics,58.57,427
7562,clothing-7562,clothing,59.94,434
7563,books-7563,books,61.31,441
7564,home-7564,home,62.68,448
7565,toys-7565,toys,64.05,455
7566,food-7566,food,65.42,462
7567,electronics-7567,electronics,66.79,469
7568,clothing-7568,clothing,68.16,476
7569,books-7569,books,69.53,483
7570,home-7570,home,70.90,490
7571,toys-7571,toys,72.27,497
7572,food-7572,food,73.64,4
7573,electronics-7573,electronics,75.01,11
7574,clothing-7574,clothing,76.38,18
7575,books-7575,books,77.75,25
7576,home-7576,home,79.12,32
7577,toys-7577,toys,80.49,39
7578,food-7578,food,81.86,46
7579,electronics-7579,electronics,83.23,53
7580,clothing-7580,clothing,84.60,60
7581,books-7581,books,85.97,67
7582,home-7582,home,87.34,74
7583,toys-7583,toys,88.71,81
7584,food-7584,food,90.08,88
7585,electronics-7585,electronics,91.45,95
7586,clothing-7586,clothing,92.82,102
7587,books-7587,books,94.19,109
7588,home-7588,home,95.56,116
7589,toys-7589,toys,96.93,123
7590,food-7590,food,98.30,130
7591,electronics-7591,electronics,99.67,137
7592,clothing-7592,clothing,1.04,144
7593,books-7593,books,2.41,151
7594,home-7594,home,3.78,158
7595,toys-7595,toys,5.15,165
7596,food-7596,food,6.52,172
7597,electronics-7597,electronics,7.89,179
7598,clothing-7598,clothing,9.26,186
7599,books-7599,books,10.63,193
7600,home-7600,home,12.00,200
7601,toys-7601,toys,13.37,207
7602,food-7602,food,14.74,214
7603,electronics-7603,electronics,16.11,221
7604,clothing-7604,clothing,17.48,228
7605,books-7605,books,18.85,235
7606,home-7606,home,20.22,242
7607,toys-7607,toys,21.59,249
7608,food-7608,food,22.96,256
7609,electronics-7609,electronics,24.33,263
7610,clothing-7610,clothing,25.70,270
7611,books-7611,books,27.07,277
7612,home-7612,home,28.44,284
7613,toys-7613,toys,29.81,291
7614,food-7614,food,31.18,298
7615,electronics-7615,electronics,32.55,305
7616,clothing-7616,clothing,33.92,312
7617,books-7617,books,35.29,319
7618,home-7618,home,36.66,326
7619,toys-7619,toys,38.03,333
7620,food-7620,food,39.40,340
7621,electronics-7621,electronics,40.77,347
7622,clothing-7622,clothing,42.14,354
7623,books-7623,books,43.51,361
7624,home-7624,home,44.88,368
7625,toys-7625,toys,46.25,375
7626,food-7626,food,47.62,382
7627,electronics-7627,electronics,48.99,389
7628,clothing-7628,clothing,50.36,396
7629,books-7629,books,51.73,403
7630,home-7630,home,53.10,410
7631,toys-7631,toys,54.47,417
7632,food-7632,food,55.84,424
7633,electronics-7633,electronics,57.21,431
7634,clothing-7634,clothing,58.58,438
7635,books-7635,books,59.95,445
7636,home-7636,home,61.32,452
7637,toys-7637,toys,62.69,459
7638,food-7638,food,64.06,466
7639,electronics-7639,electronics,65.43,473
7640,clothing-7640,clothing,66.80,480
7641,books-7641,books,68.17,487
7642,home-7642,home,69.54,494
7643,toys-7643,toys,70.91,1
7644,food-7644,food,72.28,8
7645,electronics-7645,electronics,73.65,15
7646,clothing-7646,clothing,75.02,22
7647,books-7647,books,76.39,29
7648,home-7648,home,77.76,36
7649,toys-7649,toys,79.13,43
7650,food-7650,food,80.50,50
7651,electronics-7651,electronics,81.87,57
7652,clothing-7652,clothing,83.24,64
7653,books-7653,books,84.61,71
7654,home-7654,home,85.98,78
7655,toys-7655,toys,87.35,85
7656,food-7656,food,88.72,92
7657,electronics-7657,electronics,90.09,99
7658,clothing-7658,clothing,91.46,106
7659,books-7659,books,92.83,113
7660,home-7660,home,94.20,120
7661,toys-7661,toys,95.57,127
7662,food-7662,food,96.94,134
7663,electronics-7663,electronics,98.31,141
7664,clothing-7664,clothing,99.68,148
7665,books-7665,books,1.05,155
7666,home-7666,home,2.42,162
7667,toys-7667,toys,3.79,169
7668,food-7668,food,5.16,176
7669,electronics-7669,electronics,6.53,183
7670,clothing-7670,clothing,7.90,190
7671,books-7671,books,9.27,197
7672,home-7672,home,10.64,204
7673,toys-7673,toys,12.01,211
7674,food-7674,food,13.38,218
7675,electronics-7675,electronics,14.75,225
7676,clothing-7676,clothing,16.12,232
7677,books-7677,books,17.49,239
7678,home-7678,home,18.86,246
7679,toys-7679,toys,20.23,253
7680,food-7680,food,21.60,260
7681,electronics-7681,electronics,22.97,267
7682,clothing-7682,clothing,24.34,274
7683,books-7683,books,25.71,281
7684,home-7684,home,27.08,288
7685,toys-7685,toys,28.45,295
7686,food-7686,food,29.82,302
7687,electronics-7687,electronics,31.19,309
7688,clothing-7688,clothing,32.56,316
7689,books-7689,books,33.93,323
7690,home-7690,home,35.30,330
7691,toys-7691,toys,36.67,337
7692,food-7692,food,38.04,344
7693,electronics-7693,electronics,39.41,351
7694,clothing-7694,clothing,40.78,358
7695,books-7695,books,42.15,365
7696,home-7696,home,43.52,372
7697,toys-7697,toys,44.89,379
7698,food-7698,food,46.26,386
7699,electronics-7699,electronics,47.63,393
7700,clothing-7700,clothing,49.00,400
7701,books-7701,books,50.37,407
7702,home-7702,home,51.74,414
7703,toys-7703,toys,53.11,421
7704,food-7704,food,54.48,428
7705,electronics-7705,electronics,55.85,435
7706,clothing-7706,clothing,57.22,442
7707,books-7707,books,58.59,449
7708,home-7708,home,59.96,456
7709,toys-7709,toys,61.33,463
7710,food-7710,food,62.70,470
7711,electronics-7711,electronics,64.07,477
7712,clothing-7712,clothing,65.44,484
7713,books-7713,books,66.81,491
7714,home-7714,home,68.18,498
7715,toys-7715,toys,69.55,5
7716,food-7716,food,70.92,12
7717,electronics-7717,electronics,72.29,19
7718,clothing-7718,clothing,73.66,26
7719,books-7719,books,75.03,33
7720,home-7720,home,76.40,40
7721,toys-7721,toys,77.77,47
7722,food-7722,food,79.14,54
7723,electronics-7723,electronics,80.51,61
7724,clothing-7724,clothing,81.88,68
7725,books-7725,books,83.25,75
7726,home-7726,home,84.62,82
7727,toys-7727,toys,85.99,89
7728,food-7728,food,87.36,96
7729,electronics-7729,electronics,88.73,103
7730,clothing-7730,clothing,90.10,110
7731,books-7731,books,91.47,117
7732,home-7732,home,92.84,124
7733,toys-7733,toys,94.21,131
7734,food-7734,food,95.58,138
7735,electronics-7735,electronics,96.95,145
7736,clothing-7736,clothing,98.32,152
7737,books-7737,books,99.69,159
7738,home-7738,home,1.06,166
7739,toys-7739,toys,2.43,173
7740,food-7740,food,3.80,180
7741,electronics-7741,electronics,5.17,187
7742,clothing-7742,clothing,6.54,194
7743,books-7743,books,7.91,201
7744,home-7744,home,9.28,208
7745,toys-7745,toys,10.65,215
7746,food-7746,food,12.02,222
7747,electronics-7747,electronics,13.39,229
7748,clothing-7748,clothing,14.76,236
7749,books-7749,books,16.13,243
7750,home-7750,home,17.50,250
7751,toys-7751,toys,18.87,257
7752,food-7752,food,20.24,264
7753,electronics-7753,electronics,21.61,271
7754,clothing-7754,clothing,22.98,278
7755,books-7755,books,24.35,285
7756,home-7756,home,25.72,292
7757,toys-7757,toys,27.09,299
7758,food-7758,food,28.46,306
7759,electronics-7759,electronics,29.83,313
7760,clothing-7760,clothing,31.20,320
7761,books-7761,books,32.57,327
7762,home-7762,home,33.94,334
7763,toys-7763,toys,35.31,341
7764,food-7764,food,36.68,348
7765,electronics-7765,electronics,38.05,355
7766,clothing-7766,clothing,39.42,362
7767,books-7767,books,40.79,369
7768,home-7768,home,42.16,376
7769,toys-7769,toys,43.53,383
7770,food-7770,food,44.90,390
7771,electronics-7771,electronics,46.27,397
7772,clothing-7772,clothing,47.64,404
7773,books-7773,books,49.01,411
7774,home-7774,home,50.38,418
7775,toys-7775,toys,51.75,425
7776,food-7776,food,53.12,432
7777,electronics-7777,electronics,54.49,439
7778,clothing-7778,clothing,55.86,446
7779,books-7779,books,57.23,453
7780,home-7780,home,58.60,460
7781,toys-7781,toys,59.97,467
7782,food-7782,food,61.34,474
7783,electronics-7783,electronics,62.71,481
7784,clothing-7784,clothing,64.08,488
7785,books-7785,books,65.45,495
7786,home-7786,home,66.82,2
7787,toys-7787,toys,68.19,9
7788,food-7788,food,69.56,16
7789,electronics-7789,electronics,70.93,23
7790,clothing-7790,clothing,72.30,30
7791,books-7791,books,73.67,37
7792,home-7792,home,75.04,44
7793,toys-7793,toys,76.41,51
7794,food-7794,food,77.78,58
7795,electronics-7795,electronics,79.15,65
7796,clothing-7796,clothing,80.52,72
7797,books-7797,books,81.89,79
7798,home-7798,home,83.26,86
7799,toys-7799,toys,84.63,93
7800,food-7800,food,86.00,100
7801,electronics-7801,electronics,87.37,107
7802,clothing-7802,clothing,88.74,114
7803,books-7803,books,90.11,121
7804,home-7804,home,91.48,128
7805,toys-7805,toys,92.85,135
7806,food-7806,food,94.22,142
7807,electronics-7807,electronics,95.59,149
7808,clothing-7808,clothing,96.96,156
7809,books-7809,books,98.33,163
7810,home-7810,home,99.70,170
7811,toys-7811,toys,1.07,177
7812,food-7812,food,2.44,184
7813,electronics-7813,electronics,3.81,191
7814,clothing-7814,clothing,5.18,198
7815,books-7815,books,6.55,205
7816,home-7816,home,7.92,212
7817,toys-7817,toys,9.29,219
7818,food-7818,food,10.66,226
7819,electronics-7819,electronics,12.03,233
7820,clothing-7820,clothing,13.40,240
7821,books-7821,books,14.77,247
7822,home-7822,home,16.14,254
7823,toys-7823,toys,17.51,261
7824,food-7824,food,18.88,268
7825,electronics-7825,electronics,20.25,275
7826,clothing-7826,clothing,21.62,282
7827,books-7827,books,22.99,289
7828,home-7828,home,24.36,296
7829,toys-7829,toys,25.73,303
7830,food-7830,food,27.10,310
7831,electronics-7831,electronics,28.47,317
7832,clothing-7832,clothing,29.84,324
7833,books-7833,books,31.21,331
7834,home-7834,home,32.58,338
7835,toys-7835,toys,33.95,345
7836,food-7836,food,35.32,352
7837,electronics-7837,electronics,36.69,359
7838,clothing-7838,clothing,38.06,366
7839,books-7839,books,39.43,373
7840,home-7840,home,40.80,380
7841,toys-7841,toys,42.17,387
7842,food-7842,food,43.54,394
7843,electronics-7843,electronics,44.91,401
7844,clothing-7844,clothing,46.28,408
7845,books-7845,books,47.65,415
7846,home-7846,home,49.02,422
7847,toys-7847,toys,50.39,429
7848,food-7848,food,51.76,436
7849,electronics-7849,electronics,53.13,443
7850,clothing-7850,clothing,54.50,450
7851,books-7851,books,55.87,457
7852,home-7852,home,57.24,464
7853,toys-7853,toys,58.61,471
7854,food-7854,food,59.98,478
7855,electronics-7855,electronics,61.35,485
7856,clothing-7856,clothing,62.72,492
7857,books-7857,books,64.09,499
7858,home-7858,home,65.46,6
7859,toys-7859,toys,66.83,13
7860,food-7860,food,68.20,20
7861,electronics-7861,electronics,69.57,27
7862,clothing-7862,clothing,70.94,34
7863,books-7863,books,72.31,41
7864,home-7864,home,73.68,48
7865,toys-7865,toys,75.05,55
7866,food-7866,food,76.42,62
7867,electronics-7867,electronics,77.79,69
7868,clothing-7868,clothing,79.16,76
7869,books-7869,books,80.53,83
7870,home-7870,home,81.90,90
7871,toys-7871,toys,83.27,97
7872,food-7872,food,84.64,104
7873,electronics-7873,electronics,86.01,111
7874,clothing-7874,clothing,87.38,118
7875,books-7875,books,88.75,125
7876,home-7876,home,90.12,132
7877,toys-7877,toys,91.49,139
7878,food-7878,food,92.86,146
7879,electronics-7879,electronics,94.23,153
7880,clothing-7880,clothing,95.60,160
7881,books-7881,books,96.97,167
7882,home-7882,home,98.34,174
7883,toys-7883,toys,99.71,181
7884,food-7884,food,1.08,188
7885,electronics-7885,electronics,2.45,195
7886,clothing-7886,clothing,3.82,202
7887,books-7887,books,5.19,209
7888,home-7888,home,6.56,216
7889,toys-7889,toys,7.93,223
7890,food-7890,food,9.30,230
7891,electronics-7891,electronics,10.67,237
7892,clothing-7892,clothing,12.04,244
7893,books-7893,books,13.41,251
7894,home-7894,home,14.78,258
7895,toys-7895,toys,16.15,265
7896,food-7896,food,17.52,272
7897,electronics-7897,electronics,18.89,279
7898,clothing-7898,clothing,20.26,286
7899,books-7899,books,21.63,293
7900,home-7900,home,23.00,300
7901,toys-7901,toys,24.37,307
7902,food-7902,food,25.74,314
7903,electronics-7903,electronics,27.11,321
7904,clothing-7904,clothing,28.48,328
7905,books-7905,books,29.85,335
7906,home-7906,home,31.22,342
7907,toys-7907,toys,32.59,349
7908,food-7908,food,33.96,356
7909,electronics-7909,electronics,35.33,363
7910,clothing-7910,clothing,36.70,370
7911,books-7911,books,38.07,377
7912,home-7912,home,39.44,384
7913,toys-7913,toys,40.81,391
7914,food-7914,food,42.18,398
7915,electronics-7915,electronics,43.55,405
7916,clothing-7916,clothing,44.92,412
7917,books-7917,books,46.29,419
7918,home-7918,home,47.66,426
7919,toys-7919,toys,49.03,433
7920,food-7920,food,50.40,440
7921,electronics-7921,electronics,51.77,447
7922,clothing-7922,clothing,53.14,454
7923,books-7923,books,54.51,461
7924,home-7924,home,55.88,468
7925,toys-7925,toys,57.25,475
7926,food-7926,food,58.62,482
7927,electronics-7927,electronics,59.99,489
7928,clothing-7928,clothing,61.36,496
7929,books-7929,books,62.73,3
7930,home-7930,home,64.10,10
7931,toys-7931,toys,65.47,17
7932,food-7932,food,66.84,24
7933,electronics-7933,electronics,68.21,31
7934,clothing-7934,clothing,69.58,38
7935,books-7935,books,70.95,45
7936,home-7936,home,72.32,52
7937,toys-7937,toys,73.69,59
7938,food-7938,food,75.06,66
7939,electronics-7939,electronics,76.43,73
7940,clothing-7940,clothing,77.80,80
7941,books-7941,books,79.17,87
7942,home-7942,home,80.54,94
7943,toys-7943,toys,81.91,101
7944,food-7944,food,83.28,108
7945,electronics-7945,electronics,84.65,115
7946,clothing-7946,clothing,86.02,122
7947,books-7947,books,87.39,129
7948,home-7948,home,88.76,136
7949,toys-7949,toys,90.13,143
7950,food-7950,food,91.50,150
7951,electronics-7951,electronics,92.87,157
7952,clothing-7952,clothing,94.24,164
7953,books-7953,books,95.61,171
7954,home-7954,home,96.98,178
7955,toys-7955,toys,98.35,185
7956,food-7956,food,99.72,192
7957,electronics-7957,electronics,1.09,199
7958,clothing-7958,clothing,2.46,206
7959,books-7959,books,3.83,213
7960,home-7960,home,5.20,220
7961,toys-7961,toys,6.57,227
7962,food-7962,food,7.94,234
7963,electronics-7963,electronics,9.31,241
7964,clothing-7964,clothing,10.68,248
7965,books-7965,books,12.05,255
7966,home-7966,home,13.42,262
7967,toys-7967,toys,14.79,269
7968,food-7968,food,16.16,276
7969,electronics-7969,electronics,17.53,283
7970,clothing-7970,clothing,18.90,290
7971,books-7971,books,20.27,297
7972,home-7972,home,21.64,304
7973,toys-7973,toys,23.01,311
7974,food-7974,food,24.38,318
7975,electronics-7975,electronics,25.75,325
7976,clothing-7976,clothing,27.12,332
7977,books-7977,books,28.49,339
7978,home-7978,home,29.86,346
7979,toys-7979,toys,31.23,353
7980,food-7980,food,32.60,360
7981,electronics-7981,electronics,33.97,367
7982,clothing-7982,clothing,35.34,374
7983,books-7983,books,36.71,381
7984,home-7984,home,38.08,388
7985,toys-7985,toys,39.45,395
7986,food-7986,food,40.82,402
7987,electronics-7987,electronics,42.19,409
7988,clothing-7988,clothing,43.56,416
7989,books-7989,books,44.93,423
7990,home-7990,home,46.30,430
7991,toys-7991,toys,47.67,437
7992,food-7992,food,49.04,444
7993,electronics-7993,electronics,50.41,451
7994,clothing-7994,clothing,51.78,458
7995,books-7995,books,53.15,465
7996,home-7996,home,54.52,472
7997,toys-7997,toys,55.89,479
7998,food-7998,food,57.26,486
7999,electronics-7999,electronics,58.63,493
8000,clothing-8000,clothing,60.00,0
8001,books-8001,books,61.37,7
8002,home-8002,home,62.74,14
8003,toys-8003,toys,64.11,21
8004,food-8004,food,65.48,28
8005,electronics-8005,electronics,66.85,35
8006,clothing-8006,clothing,68.22,42
8007,books-8007,books,69.59,49
8008,home-8008,home,70.96,56
8009,toys-8009,toys,72.33,63
8010,food-8010,food,73.70,70
8011,electronics-8011,electronics,75.07,77
8012,clothing-8012,clothing,76.44,84
8013,books-8013,books,77.81,91
8014,home-8014,home,79.18,98
8015,toys-8015,toys,80.55,105
8016,food-8016,food,81.92,112
8017,electronics-8017,electronics,83.29,119
8018,clothing-8018,clothing,84.66,126
8019,books-8019,books,86.03,133
8020,home-8020,home,87.40,140
8021,toys-8021,toys,88.77,147
8022,food-8022,food,90.14,154
8023,electronics-8023,electronics,91.51,161
8024,clothing-8024,clothing,92.88,168
8025,books-8025,books,94.25,175
8026,home-8026,home,95.62,182
8027,toys-8027,toys,96.99,189
8028,food-8028,food,98.36,196
8029,electronics-8029,electronics,99.73,203
8030,clothing-8030,clothing,1.10,210
8031,books-8031,books,2.47,217
8032,home-8032,home,3.84,224
8033,toys-8033,toys,5.21,231
8034,food-8034,food,6.58,238
8035,electronics-8035,electronics,7.95,245
8036,clothing-8036,clothing,9.32,252
8037,books-8037,books,10.69,259
8038,home-8038,home,12.06,266
8039,toys-8039,toys,13.43,273
8040,food-8040,food,14.80,280
8041,electronics-8041,electronics,16.17,287
8042,clothing-8042,clothing,17.54,294
8043,books-8043,books,18.91,301
8044,home-8044,home,20.28,308
8045,toys-8045,toys,21.65,315
8046,food-8046,food,23.02,322
8047,electronics-8047,electronics,24.39,329
8048,clothing-8048,clothing,25.76,336
8049,books-8049,books,27.13,343
8050,home-8050,home,28.50,350
8051,toys-8051,toys,29.87,357
8052,food-8052,food,31.24,364
8053,electronics-8053,electronics,32.61,371
8054,clothing-8054,clothing,33.98,378
8055,books-8055,books,35.35,385
8056,home-8056,home,36.72,392
8057,toys-8057,toys,38.09,399
8058,food-8058,food,39.46,406
8059,electronics-8059,electronics,40.83,413
8060,clothing-8060,clothing,42.20,420
8061,books-8061,books,43.57,427
8062,home-8062,home,44.94,434
8063,toys-8063,toys,46.31,441
8064,food-8064,food,47.68,448
8065,electronics-8065,electronics,49.05,455
8066,clothing-8066,clothing,50.42,462
8067,books-8067,books,51.79,469
8068,home-8068,home,53.16,476
8069,toys-8069,toys,54.53,483
8070,food-8070,food,55.90,490
8071,electronics-8071,electronics,57.27,497
8072,clothing-8072,clothing,58.64,4
8073,books-8073,books,60.01,11
8074,home-8074,home,61.38,18
8075,toys-8075,toys,62.75,25
8076,food-8076,food,64.12,32
8077,electronics-8077,electronics,65.49,39
8078,clothing-8078,clothing,66.86,46
8079,books-8079,books,68.23,53
8080,home-8080,home,69.60,60
8081,toys-8081,toys,70.97,67
8082,food-8082,food,72.34,74
8083,electronics-8083,electronics,73.71,81
8084,clothing-8084,clothing,75.08,88
8085,books-8085,books,76.45,95
8086,home-8086,home,77.82,102
8087,toys-8087,toys,79.19,109
8088,food-8088,food,80.56,116
8089,electronics-8089,electronics,81.93,123
8090,clothing-8090,clothing,83.30,130
8091,books-8091,books,84.67,137
8092,home-8092,home,86.04,144
8093,toys-8093,toys,87.41,151
8094,food-8094,food,88.78,158
8095,electronics-8095,electronics,90.15,165
8096,clothing-8096,clothing,91.52,172
8097,books-8097,books,92.89,179
8098,home-8098,home,94.26,186
8099,toys-8099,toys,95.63,193
8100,food-8100,food,97.00,200
8101,electronics-8101,electronics,98.37,207
8102,clothing-8102,clothing,99.74,214
8103,books-8103,books,1.11,221
8104,home-8104,home,2.48,228
8105,toys-8105,toys,3.85,235
8106,food-8106,food,5.22,242
8107,electronics-8107,electronics,6.59,249
8108,clothing-8108,clothing,7.96,256
8109,books-8109,books,9.33,263
8110,home-8110,home,10.70,270
8111,toys-8111,toys,12.07,277
8112,food-8112,food,13.44,284
8113,electronics-8113,electronics,14.81,291
8114,clothing-8114,clothing,16.18,298
8115,books-8115,books,17.55,305
8116,home-8116,home,18.92,312
8117,toys-8117,toys,20.29,319
8118,food-8118,food,21.66,326
8119,electronics-8119,electronics,23.03,333
8120,clothing-8120,clothing,24.40,340
8121,books-8121,books,25.77,347
8122,home-8122,home,27.14,354
8123,toys-8123,toys,28.51,361
8124,food-8124,food,29.88,368
8125,electronics-8125,electronics,31.25,375
8126,clothing-8126,clothing,32.62,382
8127,books-8127,books,33.99,389
8128,home-8128,home,35.36,396
8129,toys-8129,toys,36.73,403
8130,food-8130,food,38.10,410
8131,electronics-8131,electronics,39.47,417
8132,clothing-8132,clothing,40.84,424
8133,books-8133,books,42.21,431
8134,home-8134,home,43.58,438
8135,toys-8135,toys,44.95,445
8136,food-8136,food,46.32,452
8137,electronics-8137,electronics,47.69,459
8138,clothing-8138,clothing,49.06,466
8139,books-8139,books,50.43,473
8140,home-8140,home,51.80,480
8141,toys-8141,toys,53.17,487
8142,food-8142,food,54.54,494
8143,electronics-8143,electronics,55.91,1
8144,clothing-8144,clothing,57.28,8
8145,books-8145,books,58.65,15
8146,home-8146,home,60.02,22
8147,toys-8147,toys,61.39,29
8148,food-8148,food,62.76,36
8149,electronics-8149,electronics,64.13,43
8150,clothing-8150,clothing,65.50,50
8151,books-8151,books,66.87,57
8152,home-8152,home,68.24,64
8153,toys-8153,toys,69.61,71
8154,food-8154,food,70.98,78
8155,electronics-8155,electronics,72.35,85
8156,clothing-8156,clothing,73.72,92
8157,books-8157,books,75.09,99
8158,home-8158,home,76.46,106
8159,toys-8159,toys,77.83,113
8160,food-8160,food,79.20,120
8161,electronics-8161,electronics,80.57,127
8162,clothing-8162,clothing,81.94,134
8163,books-8163,books,83.31,141
8164,home-8164,home,84.68,148
8165,toys-8165,toys,86.05,155
8166,food-8166,food,87.42,162
8167,electronics-8167,electronics,88.79,169
8168,clothing-8168,clothing,90.16,176
8169,books-8169,books,91.53,183
8170,home-8170,home,92.90,190
8171,toys-8171,toys,94.27,197
8172,food-8172,food,95.64,204
8173,electronics-8173,electronics,97.01,211
8174,clothing-8174,clothing,98.38,218
8175,books-8175,books,99.75,225
8176,home-8176,home,1.12,232
8177,toys-8177,toys,2.49,239
8178,food-8178,food,3.86,246
8179,electronics-8179,electronics,5.23,253
8180,clothing-8180,clothing,6.60,260
8181,books-8181,books,7.97,267
8182,home-8182,home,9.34,274
8183,toys-8183,toys,10.71,281
8184,food-8184,food,12.08,288
8185,electronics-8185,electronics,13.45,295
8186,clothing-8186,clothing,14.82,302
8187,books-8187,books,16.19,309
8188,home-8188,home,17.56,316
8189,toys-8189,toys,18.93,323
8190,food-8190,food,20.30,330
8191,electronics-8191,electronics,21.67,337
8192,clothing-8192,clothing,23.04,344
8193,books-8193,books,24.41,351
8194,home-8194,home,25.78,358
8195,toys-8195,toys,27.15,365
8196,food-8196,food,28.52,372
8197,electronics-8197,electronics,29.89,379
8198,clothing-8198,clothing,31.26,386
8199,books-8199,books,32.63,393
8200,home-8200,home,34.00,400
8201,toys-8201,toys,35.37,407
8202,food-8202,food,36.74,414
8203,electronics-8203,electronics,38.11,421
8204,clothing-8204,clothing,39.48,428
8205,books-8205,books,40.85,435
8206,home-8206,home,42.22,442
8207,toys-8207,toys,43.59,449
8208,food-8208,food,44.96,456
8209,electronics-8209,electronics,46.33,463
8210,clothing-8210,clothing,47.70,470
8211,books-8211,books,49.07,477
8212,home-8212,home,50.44,484
8213,toys-8213,toys,51.81,491
8214,food-8214,food,53.18,498
8215,electronics-8215,electronics,54.55,5
8216,clothing-8216,clothing,55.92,12
8217,books-8217,books,57.29,19
8218,home-8218,home,58.66,26
8219,toys-8219,toys,60.03,33
8220,food-8220,food,61.40,40
8221,electronics-8221,electronics,62.77,47
8222,clothing-8222,clothing,64.14,54
8223,books-8223,books,65.51,61
8224,home-8224,home,66.88,68
8225,toys-8225,toys,68.25,75
8226,food-8226,food,69.62,82
8227,electronics-8227,electronics,70.99,89
8228,clothing-8228,clothing,72.36,96
8229,books-8229,books,73.73,103
8230,home-8230,home,75.10,110
8231,toys-8231,toys,76.47,117
8232,food-8232,food,77.84,124
8233,electronics-8233,electronics,79.21,131
8234,clothing-8234,clothing,80.58,138
8235,books-8235,books,81.95,145
8236,home-8236,home,83.32,152
8237,toys-8237,toys,84.69,159
8238,food-8238,food,86.06,166
8239,electronics-8239,electronics,87.43,173
8240,clothing-8240,clothing,88.80,180
8241,books-8241,books,90.17,187
8242,home-8242,home,91.54,194
8243,toys-8243,toys,92.91,201
8244,food-8244,food,94.28,208
8245,electronics-8245,electronics,95.65,215
8246,clothing-8246,clothing,97.02,222
8247,books-8247,books,98.39,229
8248,home-8248,home,99.76,236
8249,toys-8249,toys,1.13,243
8250,food-8250,food,2.50,250
8251,electronics-8251,electronics,3.87,257
8252,clothing-8252,clothing,5.24,264
8253,books-8253,books,6.61,271
8254,home-8254,home,7.98,278
8255,toys-8255,toys,9.35,285
8256,food-8256,food,10.72,292
8257,electronics-8257,electronics,12.09,299
8258,clothing-8258,clothing,13.46,306
8259,books-8259,books,14.83,313
8260,home-8260,home,16.20,320
8261,toys-8261,toys,17.57,327
8262,food-8262,food,18.94,334
8263,electronics-8263,electronics,20.31,341
8264,clothing-8264,clothing,21.68,348
8265,books-8265,books,23.05,355
8266,home-8266,home,24.42,362
8267,toys-8267,toys,25.79,369
8268,food-8268,food,27.16,376
8269,electronics-8269,electronics,28.53,383
8270,clothing-8270,clothing,29.90,390
8271,books-8271,books,31.27,397
8272,home-8272,home,32.64,404
8273,toys-8273,toys,34.01,411
8274,food-8274,food,35.38,418
8275,electronics-8275,electronics,36.75,425
8276,clothing-8276,clothing,38.12,432
8277,books-8277,books,39.49,439
8278,home-8278,home,40.86,446
8279,toys-8279,toys,42.23,453
8280,food-8280,food,43.60,460
8281,electronics-8281,electronics,44.97,467
8282,clothing-8282,clothing,46.34,474
8283,books-8283,books,47.71,481
8284,home-8284,home,49.08,488
8285,toys-8285,toys,50.45,495
8286,food-8286,food,51.82,2
8287,electronics-8287,electronics,53.19,9
8288,clothing-8288,clothing,54.56,16
8289,books-8289,books,55.93,23
8290,home-8290,home,57.30,30
8291,toys-8291,toys,58.67,37
8292,food-8292,food,60.04,44
8293,electronics-8293,electronics,61.41,51
8294,clothing-8294,clothing,62.78,58
8295,books-8295,books,64.15,65
8296,home-8296,home,65.52,72
8297,toys-8297,toys,66.89,79
8298,food-8298,food,68.26,86
8299,electronics-8299,electronics,69.63,93
8300,clothing-8300,clothing,71.00,100
8301,books-8301,books,72.37,107
8302,home-8302,home,73.74,114
8303,toys-8303,toys,75.11,121
8304,food-8304,food,76.48,128
8305,electronics-8305,electronics,77.85,135
8306,clothing-8306,clothing,79.22,142
8307,books-8307,books,80.59,149
8308,home-8308,home,81.96,156
8309,toys-8309,toys,83.33,163
8310,food-8310,food,84.70,170
8311,electronics-8311,electronics,86.07,177
8312,clothing-8312,clothing,87.44,184
8313,books-8313,books,88.81,191
8314,home-8314,home,90.18,198
8315,toys-8315,toys,91.55,205
8316,food-8316,food,92.92,212
8317,electronics-8317,electronics,94.29,219
8318,clothing-8318,clothing,95.66,226
8319,books-8319,books,97.03,233
8320,home-8320,home,98.40,240
8321,toys-8321,toys,99.77,247
8322,food-8322,food,1.14,254
8323,electronics-8323,electronics,2.51,261
8324,clothing-8324,clothing,3.88,268
8325,books-8325,books,5.25,275
8326,home-8326,home,6.62,282
8327,toys-8327,toys,7.99,289
8328,food-8328,food,9.36,296
8329,electronics-8329,electronics,10.73,303
8330,clothing-8330,clothing,12.10,310
8331,books-8331,books,13.47,317
8332,home-8332,home,14.84,324
8333,toys-8333,toys,16.21,331
8334,food-8334,food,17.58,338
8335,electronics-8335,electronics,18.95,345
8336,clothing-8336,clothing,20.32,352
8337,books-8337,books,21.69,359
8338,home-8338,home,23.06,366
8339,toys-8339,toys,24.43,373
8340,food-8340,food,25.80,380
8341,electronics-8341,electronics,27.17,387
8342,clothing-8342,clothing,28.54,394
8343,books-8343,books,29.91,401
8344,home-8344,home,31.28,408
8345,toys-8345,toys,32.65,415
8346,food-8346,food,34.02,422
8347,electronics-8347,electronics,35.39,429
8348,clothing-8348,clothing,36.76,436
8349,books-8349,books,38.13,443
8350,home-8350,home,39.50,450
8351,toys-8351,toys,40.87,457
8352,food-8352,food,42.24,464
8353,electronics-8353,electronics,43.61,471
8354,clothing-8354,clothing,44.98,478
8355,books-8355,books,46.35,485
8356,home-8356,home,47.72,492
8357,toys-8357,toys,49.09,499
8358,food-8358,food,50.46,6
8359,electronics-8359,electronics,51.83,13
8360,clothing-8360,clothing,53.20,20
8361,books-8361,books,54.57,27
8362,home-8362,home,55.94,34
8363,toys-8363,toys,57.31,41
8364,food-8364,food,58.68,48
8365,electronics-8365,electronics,60.05,55
8366,clothing-8366,clothing,61.42,62
8367,books-8367,books,62.79,69
8368,home-8368,home,64.16,76
8369,toys-8369,toys,65.53,83
8370,food-8370,food,66.90,90
8371,electronics-8371,electronics,68.27,97
8372,clothing-8372,clothing,69.64,104
8373,books-8373,books,71.01,111
8374,home-8374,home,72.38,118
8375,toys-8375,toys,73.75,125
8376,food-8376,food,75.12,132
8377,electronics-8377,electronics,76.49,139
8378,clothing-8378,clothing,77.86,146
8379,books-8379,books,79.23,153
8380,home-8380,home,80.60,160
8381,toys-8381,toys,81.97,167
8382,food-8382,food,83.34,174
8383,electronics-8383,electronics,84.71,181
8384,clothing-8384,clothing,86.08,188
8385,books-8385,books,87.45,195
8386,home-8386,home,88.82,202
8387,toys-8387,toys,90.19,209
8388,food-8388,food,91.56,216
8389,electronics-8389,electronics,92.93,223
8390,clothing-8390,clothing,94.30,230
8391,books-8391,books,95.67,237
8392,home-8392,home,97.04,244
8393,toys-8393,toys,98.41,251
8394,food-8394,food,99.78,258
8395,electronics-8395,electronics,1.15,265
8396,clothing-8396,clothing,2.52,272
8397,books-8397,books,3.89,279
8398,home-8398,home,5.26,286
8399,toys-8399,toys,6.63,293
8400,food-8400,food,8.00,300
8401,electronics-8401,electronics,9.37,307
8402,clothing-8402,clothing,10.74,314
8403,books-8403,books,12.11,321
8404,home-8404,home,13.48,328
8405,toys-8405,toys,14.85,335
8406,food-8406,food,16.22,342
8407,electronics-8407,electronics,17.59,349
8408,clothing-8408,clothing,18.96,356
8409,books-8409,books,20.33,363
8410,home-8410,home,21.70,370
8411,toys-8411,toys,23.07,377
8412,food-8412,food,24.44,384
8413,electronics-8413,electronics,25.81,391
8414,clothing-8414,clothing,27.18,398
8415,books-8415,books,28.55,405
8416,home-8416,home,29.92,412
8417,toys-8417,toys,31.29,419
8418,food-8418,food,32.66,426
8419,electronics-8419,electronics,34.03,433
8420,clothing-8420,clothing,35.40,440
8421,books-8421,books,36.77,447
8422,home-8422,home,38.14,454
8423,toys-8423,toys,39.51,461
8424,food-8424,food,40.88,468
8425,electronics-8425,electronics,42.25,475
8426,clothing-8426,clothing,43.62,482
8427,books-8427,books,44.99,489
8428,home-8428,home,46.36,496
8429,toys-8429,toys,47.73,3
8430,food-8430,food,49.10,10
8431,electronics-8431,electronics,50.47,17
8432,clothing-8432,clothing,51.84,24
8433,books-8433,books,53.21,31
8434,home-8434,home,54.58,38
8435,toys-8435,toys,55.95,45
8436,food-8436,food,57.32,52
8437,electronics-8437,electronics,58.69,59
8438,clothing-8438,clothing,60.06,66
8439,books-8439,books,61.43,73
8440,home-8440,home,62.80,80
8441,toys-8441,toys,64.17,87
8442,food-8442,food,65.54,94
8443,electronics-8443,electronics,66.91,101
8444,clothing-8444,clothing,68.28,108
8445,books-8445,books,69.65,115
8446,home-8446,home,71.02,122
8447,toys-8447,toys,72.39,129
8448,food-8448,food,73.76,136
8449,electronics-8449,electronics,75.13,143
8450,clothing-8450,clothing,76.50,150
8451,books-8451,books,77.87,157
8452,home-8452,home,79.24,164
8453,toys-8453,toys,80.61,171
8454,food-8454,food,81.98,178
8455,electronics-8455,electronics,83.35,185
8456,clothing-8456,clothing,84.72,192
8457,books-8457,books,86.09,199
8458,home-8458,home,87.46,206
8459,toys-8459,toys,88.83,213
8460,food-8460,food,90.20,220
8461,electronics-8461,electronics,91.57,227
8462,clothing-8462,clothing,92.94,234
8463,books-8463,books,94.31,241
8464,home-8464,home,95.68,248
8465,toys-8465,toys,97.05,255
8466,food-8466,food,98.42,262
8467,electronics-8467,electronics,99.79,269
8468,clothing-8468,clothing,1.16,276
8469,books-8469,books,2.53,283
8470,home-8470,home,3.90,290
8471,toys-8471,toys,5.27,297
8472,food-8472,food,6.64,304
8473,electronics-8473,electronics,8.01,311
8474,clothing-8474,clothing,9.38,318
8475,books-8475,books,10.75,325
8476,home-8476,home,12.12,332
8477,toys-8477,toys,13.49,339
8478,food-8478,food,14.86,346
8479,electronics-8479,electronics,16.23,353
8480,clothing-8480,clothing,17.60,360
8481,books-8481,books,18.97,367
8482,home-8482,home,20.34,374
8483,toys-8483,toys,21.71,381
8484,food-8484,food,23.08,388
8485,electronics-8485,electronics,24.45,395
8486,clothing-8486,clothing,25.82,402
8487,books-8487,books,27.19,409
8488,home-8488,home,28.56,416
8489,toys-8489,toys,29.93,423
8490,food-8490,food,31.30,430
8491,electronics-8491,electronics,32.67,437
8492,clothing-8492,clothing,34.04,444
8493,books-8493,books,35.41,451
8494,home-8494,home,36.78,458
8495,toys-8495,toys,38.15,465
8496,food-8496,food,39.52,472
8497,electronics-8497,electronics,40.89,479
8498,clothing-8498,clothing,42.26,486
8499,books-8499,books,43.63,493
8500,home-8500,home,45.00,0
8501,toys-8501,toys,46.37,7
8502,food-8502,food,47.74,14
8503,electronics-8503,electronics,49.11,21
8504,clothing-8504,clothing,50.48,28
8505,books-8505,books,51.85,35
8506,home-8506,home,53.22,42
8507,toys-8507,toys,54.59,49
8508,food-8508,food,55.96,56
8509,electronics-8509,electronics,57.33,63
8510,clothing-8510,clothing,58.70,70
8511,books-8511,books,60.07,77
8512,home-8512,home,61.44,84
8513,toys-8513,toys,62.81,91
8514,food-8514,food,64.18,98
8515,electronics-8515,electronics,65.55,105
8516,clothing-8516,clothing,66.92,112
8517,books-8517,books,68.29,119
8518,home-8518,home,69.66,126
8519,toys-8519,toys,71.03,133
8520,food-8520,food,72.40,140
8521,electronics-8521,electronics,73.77,147
8522,clothing-8522,clothing,75.14,154
8523,books-8523,books,76.51,161
8524,home-8524,home,77.88,168
8525,toys-8525,toys,79.25,175
8526,food-8526,food,80.62,182
8527,electronics-8527,electronics,81.99,189
8528,clothing-8528,clothing,83.36,196
8529,books-8529,books,84.73,203
8530,home-8530,home,86.10,210
8531,toys-8531,toys,87.47,217
8532,food-8532,food,88.84,224
8533,electronics-8533,electronics,90.21,231
8534,clothing-8534,clothing,91.58,238
8535,books-8535,books,92.95,245
8536,home-8536,home,94.32,252
8537,toys-8537,toys,95.69,259
8538,food-8538,food,97.06,266
8539,electronics-8539,electronics,98.43,273
8540,clothing-8540,clothing,99.80,280
8541,books-8541,books,1.17,287
8542,home-8542,home,2.54,294
8543,toys-8543,toys,3.91,301
8544,food-8544,food,5.28,308
8545,electronics-8545,electronics,6.65,315
8546,clothing-8546,clothing,8.02,322
8547,books-8547,books,9.39,329
8548,home-8548,home,10.76,336
8549,toys-8549,toys,12.13,343
8550,food-8550,food,13.50,350
8551,electronics-8551,electronics,14.87,357
8552,clothing-8552,clothing,16.24,364
8553,books-8553,books,17.61,371
8554,home-8554,home,18.98,378
8555,toys-8555,toys,20.35,385
8556,food-8556,food,21.72,392
8557,electronics-8557,electronics,23.09,399
8558,clothing-8558,clothing,24.46,406
8559,books-8559,books,25.83,413
8560,home-8560,home,27.20,420
8561,toys-8561,toys,28.57,427
8562,food-8562,food,29.94,434
8563,electronics-8563,electronics,31.31,441
8564,clothing-8564,clothing,32.68,448
8565,books-8565,books,34.05,455
8566,home-8566,home,35.42,462
8567,toys-8567,toys,36.79,469
8568,food-8568,food,38.16,476
8569,electronics-8569,electronics,39.53,483
8570,clothing-8570,clothing,40.90,490
8571,books-8571,books,42.27,497
8572,home-8572,home,43.64,4
8573,toys-8573,toys,45.01,11
8574,food-8574,food,46.38,18
8575,electronics-8575,electronics,47.75,25
8576,clothing-8576,clothing,49.12,32
8577,books-8577,books,50.49,39
8578,home-8578,home,51.86,46
8579,toys-8579,toys,53.23,53
8580,food-8580,food,54.60,60
8581,electronics-8581,electronics,55.97,67
8582,clothing-8582,clothing,57.34,74
8583,books-8583,books,58.71,81
8584,home-8584,home,60.08,88
8585,toys-8585,toys,61.45,95
8586,food-8586,food,62.82,102
8587,electronics-8587,electronics,64.19,109
8588,clothing-8588,clothing,65.56,116
8589,books-8589,books,66.93,123
8590,home-8590,home,68.30,130
8591,toys-8591,toys,69.67,137
8592,food-8592,food,71.04,144
8593,electronics-8593,electronics,72.41,151
8594,clothing-8594,clothing,73.78,158
8595,books-8595,books,75.15,165
8596,home-8596,home,76.52,172
8597,toys-8597,toys,77.89,179
8598,food-8598,food,79.26,186
8599,electronics-8599,electronics,80.63,193
8600,clothing-8600,clothing,82.00,200
8601,books-8601,books,83.37,207
8602,home-8602,home,84.74,214
8603,toys-8603,toys,86.11,221
8604,food-8604,food,87.48,228
8605,electronics-8605,electronics,88.85,235
8606,clothing-8606,clothing,90.22,242
8607,books-8607,books,91.59,249
8608,home-8608,home,92.96,256
8609,toys-8609,toys,94.33,263
8610,food-8610,food,95.70,270
8611,electronics-8611,electronics,97.07,277
8612,clothing-8612,clothing,98.44,284
8613,books-8613,books,99.81,291
8614,home-8614,home,1.18,298
8615,toys-8615,toys,2.55,305
8616,food-8616,food,3.92,312
8617,electronics-8617,electronics,5.29,319
8618,clothing-8618,clothing,6.66,326
8619,books-8619,books,8.03,333
8620,home-8620,home,9.40,340
8621,toys-8621,toys,10.77,347
8622,food-8622,food,12.14,354
8623,electronics-8623,electronics,13.51,361
8624,clothing-8624,clothing,14.88,368
8625,books-8625,books,16.25,375
8626,home-8626,home,17.62,382
8627,toys-8627,toys,18.99,389
8628,food-8628,food,20.36,396
8629,electronics-8629,electronics,21.73,403
8630,clothing-8630,clothing,23.10,410
8631,books-8631,books,24.47,417
8632,home-8632,home,25.84,424
8633,toys-8633,toys,27.21,431
8634,food-8634,food,28.58,438
8635,electronics-8635,electronics,29.95,445
8636,clothing-8636,clothing,31.32,452
8637,books-8637,books,32.69,459
8638,home-8638,home,34.06,466
8639,toys-8639,toys,35.43,473
8640,food-8640,food,36.80,480
8641,electronics-8641,electronics,38.17,487
8642,clothing-8642,clothing,39.54,494
8643,books-8643,books,40.91,1
8644,home-8644,home,42.28,8
8645,toys-8645,toys,43.65,15
8646,food-8646,food,45.02,22
8647,electronics-8647,electronics,46.39,29
8648,clothing-8648,clothing,47.76,36
8649,books-8649,books,49.13,43
8650,home-8650,home,50.50,50
8651,toys-8651,toys,51.87,57
8652,food-8652,food,53.24,64
8653,electronics-8653,electronics,54.61,71
8654,clothing-8654,clothing,55.98,78
8655,books-8655,books,57.35,85
8656,home-8656,home,58.72,92
8657,toys-8657,toys,60.09,99
8658,food-8658,food,61.46,106
8659,electronics-8659,electronics,62.83,113
8660,clothing-8660,clothing,64.20,120
8661,books-8661,books,65.57,127
8662,home-8662,home,66.94,134
8663,toys-8663,toys,68.31,141
8664,food-8664,food,69.68,148
8665,electronics-8665,electronics,71.05,155
8666,clothing-8666,clothing,72.42,162
8667,books-8667,books,73.79,169
8668,home-8668,home,75.16,176
8669,toys-8669,toys,76.53,183
8670,food-8670,food,77.90,190
8671,electronics-8671,electronics,79.27,197
8672,clothing-8672,clothing,80.64,204
8673,books-8673,books,82.01,211
8674,home-8674,home,83.38,218
8675,toys-8675,toys,84.75,225
8676,food-8676,food,86.12,232
8677,electronics-8677,electronics,87.49,239
8678,clothing-8678,clothing,88.86,246
8679,books-8679,books,90.23,253
8680,home-8680,home,91.60,260
8681,toys-8681,toys,92.97,267
8682,food-8682,food,94.34,274
8683,electronics-8683,electronics,95.71,281
8684,clothing-8684,clothing,97.08,288
8685,books-8685,books,98.45,295
8686,home-8686,home,99.82,302
8687,toys-8687,toys,1.19,309
8688,food-8688,food,2.56,316
8689,electronics-8689,electronics,3.93,323
8690,clothing-8690,clothing,5.30,330
8691,books-8691,books,6.67,337
8692,home-8692,home,8.04,344
8693,toys-8693,toys,9.41,351
8694,food-8694,food,10.78,358
8695,electronics-8695,electronics,12.15,365
8696,clothing-8696,clothing,13.52,372
8697,books-8697,books,14.89,379
8698,home-8698,home,16.26,386
8699,toys-8699,toys,17.63,393
8700,food-8700,food,19.00,400
8701,electronics-8701,electronics,20.37,407
8702,clothing-8702,clothing,21.74,414
8703,books-8703,books,23.11,421
8704,home-8704,home,24.48,428
8705,toys-8705,toys,25.85,435
8706,food-8706,food,27.22,442
8707,electronics-8707,electronics,28.59,449
8708,clothing-8708,clothing,29.96,456
8709,books-8709,books,31.33,463
8710,home-8710,home,32.70,470
8711,toys-8711,toys,34.07,477
8712,food-8712,food,35.44,484
8713,electronics-8713,electronics,36.81,491
8714,clothing-8714,clothing,38.18,498
8715,books-8715,books,39.55,5
8716,home-8716,home,40.92,12
8717,toys-8717,toys,42.29,19
8718,food-8718,food,43.66,26
8719,electronics-8719,electronics,45.03,33
8720,clothing-8720,clothing,46.40,40
8721,books-8721,books,47.77,47
8722,home-8722,home,49.14,54
8723,toys-8723,toys,50.51,61
8724,food-8724,food,51.88,68
8725,electronics-8725,electronics,53.25,75
8726,clothing-8726,clothing,54.62,82
8727,books-8727,books,55.99,89
8728,home-8728,home,57.36,96
8729,toys-8729,toys,58.73,103
8730,food-8730,food,60.10,110
8731,electronics-8731,electronics,61.47,117
8732,clothing-8732,clothing,62.84,124
8733,books-8733,books,64.21,131
8734,home-8734,home,65.58,138
8735,toys-8735,toys,66.95,145
8736,food-8736,food,68.32,152
8737,electronics-8737,electronics,69.69,159
8738,clothing-8738,clothing,71.06,166
8739,books-8739,books,72.43,173
8740,home-8740,home,73.80,180
8741,toys-8741,toys,75.17,187
8742,food-8742,food,76.54,194
8743,electronics-8743,electronics,77.91,201
8744,clothing-8744,clothing,79.28,208
8745,books-8745,books,80.65,215
8746,home-8746,home,82.02,222
8747,toys-8747,toys,83.39,229
8748,food-8748,food,84.76,236
8749,electronics-8749,electronics,86.13,243
8750,clothing-8750,clothing,87.50,250
8751,books-8751,books,88.87,257
8752,home-8752,home,90.24,264
8753,toys-8753,toys,91.61,271
8754,food-8754,food,92.98,278
8755,electronics-8755,electronics,94.35,285
8756,clothing-8756,clothing,95.72,292
8757,books-8757,books,97.09,299
8758,home-8758,home,98.46,306
8759,toys-8759,toys,99.83,313
8760,food-8760,food,1.20,320
8761,electronics-8761,electronics,2.57,327
8762,clothing-8762,clothing,3.94,334
8763,books-8763,books,5.31,341
8764,home-8764,home,6.68,348
8765,toys-8765,toys,8.05,355
8766,food-8766,food,9.42,362
8767,electronics-8767,electronics,10.79,369
8768,clothing-8768,clothing,12.16,376
8769,books-8769,books,13.53,383
8770,home-8770,home,14.90,390
8771,toys-8771,toys,16.27,397
8772,food-8772,food,17.64,404
8773,electronics-8773,electronics,19.01,411
8774,clothing-8774,clothing,20.38,418
8775,books-8775,books,21.75,425
8776,home-8776,home,23.12,432
8777,toys-8777,toys,24.49,439
8778,food-8778,food,25.86,446
8779,electronics-8779,electronics,27.23,453
8780,clothing-8780,clothing,28.60,460
8781,books-8781,books,29.97,467
8782,home-8782,home,31.34,474
8783,toys-8783,toys,32.71,481
8784,food-8784,food,34.08,488
8785,electronics-8785,electronics,35.45,495
8786,clothing-8786,clothing,36.82,2
8787,books-8787,books,38.19,9
8788,home-8788,home,39.56,16
8789,toys-8789,toys,40.93,23
8790,food-8790,food,42.30,30
8791,electronics-8791,electronics,43.67,37
8792,clothing-8792,clothing,45.04,44
8793,books-8793,books,46.41,51
8794,home-8794,home,47.78,58
8795,toys-8795,toys,49.15,65
8796,food-8796,food,50.52,72
8797,electronics-8797,electronics,51.89,79
8798,clothing-8798,clothing,53.26,86
8799,books-8799,books,54.63,93
8800,home-8800,home,56.00,100
8801,toys-8801,toys,57.37,107
8802,food-8802,food,58.74,114
8803,electronics-8803,electronics,60.11,121
8804,clothing-8804,clothing,61.48,128
8805,books-8805,books,62.85,135
8806,home-8806,home,64.22,142
8807,toys-8807,toys,65.59,149
8808,food-8808,food,66.96,156
8809,electronics-8809,electronics,68.33,163
8810,clothing-8810,clothing,69.70,170
8811,books-8811,books,71.07,177
8812,home-8812,home,72.44,184
8813,toys-8813,toys,73.81,191
8814,food-8814,food,75.18,198
8815,electronics-8815,electronics,76.55,205
8816,clothing-8816,clothing,77.92,212
8817,books-8817,books,79.29,219
8818,home-8818,home,80.66,226
8819,toys-8819,toys,82.03,233
8820,food-8820,food,83.40,240
8821,electronics-8821,electronics,84.77,247
8822,clothing-8822,clothing,86.14,254
8823,books-8823,books,87.51,261
8824,home-8824,home,88.88,268
8825,toys-8825,toys,90.25,275
8826,food-8826,food,91.62,282
8827,electronics-8827,electronics,92.99,289
8828,clothing-8828,clothing,94.36,296
8829,books-8829,books,95.73,303
8830,home-8830,home,97.10,310
8831,toys-8831,toys,98.47,317
8832,food-8832,food,99.84,324
8833,electronics-8833,electronics,1.21,331
8834,clothing-8834,clothing,2.58,338
8835,books-8835,books,3.95,345
8836,home-8836,home,5.32,352
8837,toys-8837,toys,6.69,359
8838,food-8838,food,8.06,366
8839,electronics-8839,electronics,9.43,373
8840,clothing-8840,clothing,10.80,380
8841,books-8841,books,12.17,387
8842,home-8842,home,13.54,394
8843,toys-8843,toys,14.91,401
8844,food-8844,food,16.28,408
8845,electronics-8845,electronics,17.65,415
8846,clothing-8846,clothing,19.02,422
8847,books-8847,books,20.39,429
8848,home-8848,home,21.76,436
8849,toys-8849,toys,23.13,443
8850,food-8850,food,24.50,450
8851,electronics-8851,electronics,25.87,457
8852,clothing-8852,clothing,27.24,464
8853,books-8853,books,28.61,471
8854,home-8854,home,29.98,478
8855,toys-8855,toys,31.35,485
8856,food-8856,food,32.72,492
8857,electronics-8857,electronics,34.09,499
8858,clothing-8858,clothing,35.46,6
8859,books-8859,books,36.83,13
8860,home-8860,home,38.20,20
8861,toys-8861,toys,39.57,27
8862,food-8862,food,40.94,34
8863,electronics-8863,electronics,42.31,41
8864,clothing-8864,clothing,43.68,48
8865,books-8865,books,45.05,55
8866,home-8866,home,46.42,62
8867,toys-8867,toys,47.79,69
8868,food-8868,food,49.16,76
8869,electronics-8869,electronics,50.53,83
8870,clothing-8870,clothing,51.90,90
8871,books-8871,books,53.27,97
8872,home-8872,home,54.64,104
8873,toys-8873,toys,56.01,111
8874,food-8874,food,57.38,118
8875,electronics-8875,electronics,58.75,125
8876,clothing-8876,clothing,60.12,132
8877,books-8877,books,61.49,139
8878,home-8878,home,62.86,146
8879,toys-8879,toys,64.23,153
8880,food-8880,food,65.60,160
8881,electronics-8881,electronics,66.97,167
8882,clothing-8882,clothing,68.34,174
8883,books-8883,books,69.71,181
8884,home-8884,home,71.08,188
8885,toys-8885,toys,72.45,195
8886,food-8886,food,73.82,202
8887,electronics-8887,electronics,75.19,209
8888,clothing-8888,clothing,76.56,216
8889,books-8889,books,77.93,223
8890,home-8890,home,79.30,230
8891,toys-8891,toys,80.67,237
8892,food-8892,food,82.04,244
8893,electronics-8893,electronics,83.41,251
8894,clothing-8894,clothing,84.78,258
8895,books-8895,books,86.15,265
8896,home-8896,home,87.52,272
8897,toys-8897,toys,88.89,279
8898,food-8898,food,90.26,286
8899,electronics-8899,electronics,91.63,293
8900,clothing-8900,clothing,93.00,300
8901,books-8901,books,94.37,307
8902,home-8902,home,95.74,314
8903,toys-8903,toys,97.11,321
8904,food-8904,food,98.48,328
8905,electronics-8905,electronics,99.85,335
8906,clothing-8906,clothing,1.22,342
8907,books-8907,books,2.59,349
8908,home-8908,home,3.96,356
8909,toys-8909,toys,5.33,363
8910,food-8910,food,6.70,370
8911,electronics-8911,electronics,8.07,377
8912,clothing-8912,clothing,9.44,384
8913,books-8913,books,10.81,391
8914,home-8914,home,12.18,398
8915,toys-8915,toys,13.55,405
8916,food-8916,food,14.92,412
8917,electronics-8917,electronics,16.29,419
8918,clothing-8918,clothing,17.66,426
8919,books-8919,books,19.03,433
8920,home-8920,home,20.40,440
8921,toys-8921,toys,21.77,447
8922,food-8922,food,23.14,454
8923,electronics-8923,electronics,24.51,461
8924,clothing-8924,clothing,25.88,468
8925,books-8925,books,27.25,475
8926,home-8926,home,28.62,482
8927,toys-8927,toys,29.99,489
8928,food-8928,food,31.36,496
8929,electronics-8929,electronics,32.73,3
8930,clothing-8930,clothing,34.10,10
8931,books-8931,books,35.47,17
8932,home-8932,home,36.84,24
8933,toys-8933,toys,38.21,31
8934,food-8934,food,39.58,38
8935,electronics-8935,electronics,40.95,45
8936,clothing-8936,clothing,42.32,52
8937,books-8937,books,43.69,59
8938,home-8938,home,45.06,66
8939,toys-8939,toys,46.43,73
8940,food-8940,food,47.80,80
8941,electronics-8941,electronics,49.17,87
8942,clothing-8942,clothing,50.54,94
8943,books-8943,books,51.91,101
8944,home-8944,home,53.28,108
8945,toys-8945,toys,54.65,115
8946,food-8946,food,56.02,122
8947,electronics-8947,electronics,57.39,129
8948,clothing-8948,clothing,58.76,136
8949,books-8949,books,60.13,143
8950,home-8950,home,61.50,150
8951,toys-8951,toys,62.87,157
8952,food-8952,food,64.24,164
8953,electronics-8953,electronics,65.61,171
8954,clothing-8954,clothing,66.98,178
8955,books-8955,books,68.35,185
8956,home-8956,home,69.72,192
8957,toys-8957,toys,71.09,199
8958,food-8958,food,72.46,206
8959,electronics-8959,electronics,73.83,213
8960,clothing-8960,clothing,75.20,220
8961,books-8961,books,76.57,227
8962,home-8962,home,77.94,234
8963,toys-8963,toys,79.31,241
8964,food-8964,food,80.68,248
8965,electronics-8965,electronics,82.05,255
8966,clothing-8966,clothing,83.42,262
8967,books-8967,books,84.79,269
8968,home-8968,home,86.16,276
8969,toys-8969,toys,87.53,283
8970,food-8970,food,88.90,290
8971,electronics-8971,electronics,90.27,297
8972,clothing-8972,clothing,91.64,304
8973,books-8973,books,93.01,311
8974,home-8974,home,94.38,318
8975,toys-8975,toys,95.75,325
8976,food-8976,food,97.12,332
8977,electronics-8977,electronics,98.49,339
8978,clothing-8978,clothing,99.86,346
8979,books-8979,books,1.23,353
8980,home-8980,home,2.60,360
8981,toys-8981,toys,3.97,367
8982,food-8982,food,5.34,374
8983,electronics-8983,electronics,6.71,381
8984,clothing-8984,clothing,8.08,388
8985,books-8985,books,9.45,395
8986,home-8986,home,10.82,402
8987,toys-8987,toys,12.19,409
8988,food-8988,food,13.56,416
8989,electronics-8989,electronics,14.93,423
8990,clothing-8990,clothing,16.30,430
8991,books-8991,books,17.67,437
8992,home-8992,home,19.04,444
8993,toys-8993,toys,20.41,451
8994,food-8994,food,21.78,458
8995,electronics-8995,electronics,23.15,465
8996,clothing-8996,clothing,24.52,472
8997,books-8997,books,25.89,479
8998,home-8998,home,27.26,486
8999,toys-8999,toys,28.63,493
9000,food-9000,food,30.00,0
9001,electronics-9001,electronics,31.37,7
9002,clothing-9002,clothing,32.74,14
9003,books-9003,books,34.11,21
9004,home-9004,home,35.48,28
9005,toys-9005,toys,36.85,35
9006,food-9006,food,38.22,42
9007,electronics-9007,electronics,39.59,49
9008,clothing-9008,clothing,40.96,56
9009,books-9009,books,42.33,63
9010,home-9010,home,43.70,70
9011,toys-9011,toys,45.07,77
9012,food-9012,food,46.44,84
9013,electronics-9013,electronics,47.81,91
9014,clothing-9014,clothing,49.18,98
9015,books-9015,books,50.55,105
9016,home-9016,home,51.92,112
9017,toys-9017,toys,53.29,119
9018,food-9018,food,54.66,126
9019,electronics-9019,electronics,56.03,133
9020,clothing-9020,clothing,57.40,140
9021,books-9021,books,58.77,147
9022,home-9022,home,60.14,154
9023,toys-9023,toys,61.51,161
9024,food-9024,food,62.88,168
9025,electronics-9025,electronics,64.25,175
9026,clothing-9026,clothing,65.62,182
9027,books-9027,books,66.99,189
9028,home-9028,home,68.36,196
9029,toys-9029,toys,69.73,203
9030,food-9030,food,71.10,210
9031,electronics-9031,electronics,72.47,217
9032,clothing-9032,clothing,73.84,224
9033,books-9033,books,75.21,231
9034,home-9034,home,76.58,238
9035,toys-9035,toys,77.95,245
9036,food-9036,food,79.32,252
9037,electronics-9037,electronics,80.69,259
9038,clothing-9038,clothing,82.06,266
9039,books-9039,books,83.43,273
9040,home-9040,home,84.80,280
9041,toys-9041,toys,86.17,287
9042,food-9042,food,87.54,294
9043,electronics-9043,electronics,88.91,301
9044,clothing-9044,clothing,90.28,308
9045,books-9045,books,91.65,315
9046,home-9046,home,93.02,322
9047,toys-9047,toys,94.39,329
9048,food-9048,food,95.76,336
9049,electronics-9049,electronics,97.13,343
9050,clothing-9050,clothing,98.50,350
9051,books-9051,books,99.87,357
9052,home-9052,home,1.24,364
9053,toys-9053,toys,2.61,371
9054,food-9054,food,3.98,378
9055,electronics-9055,electronics,5.35,385
9056,clothing-9056,clothing,6.72,392
9057,books-9057,books,8.09,399
9058,home-9058,home,9.46,406
9059,toys-9059,toys,10.83,413
9060,food-9060,food,12.20,420
9061,electronics-9061,electronics,13.57,427
9062,clothing-9062,clothing,14.94,434
9063,books-9063,books,16.31,441
9064,home-9064,home,17.68,448
9065,toys-9065,toys,19.05,455
9066,food-9066,food,20.42,462
9067,electronics-9067,electronics,21.79,469
9068,clothing-9068,clothing,23.16,476
9069,books-9069,books,24.53,483
9070,home-9070,home,25.90,490
9071,toys-9071,toys,27.27,497
9072,food-9072,food,28.64,4
9073,electronics-9073,electronics,30.01,11
9074,clothing-9074,clothing,31.38,18
9075,books-9075,books,32.75,25
9076,home-9076,home,34.12,32
9077,toys-9077,toys,35.49,39
9078,food-9078,food,36.86,46
9079,electronics-9079,electronics,38.23,53
9080,clothing-9080,clothing,39.60,60
9081,books-9081,books,40.97,67
9082,home-9082,home,42.34,74
9083,toys-9083,toys,43.71,81
9084,food-9084,food,45.08,88
9085,electronics-9085,electronics,46.45,95
9086,clothing-9086,clothing,47.82,102
9087,books-9087,books,49.19,109
9088,home-9088,home,50.56,116
9089,toys-9089,toys,51.93,123
9090,food-9090,food,53.30,130
9091,electronics-9091,electronics,54.67,137
9092,clothing-9092,clothing,56.04,144
9093,books-9093,books,57.41,151
9094,home-9094,home,58.78,158
9095,toys-9095,toys,60.15,165
9096,food-9096,food,61.52,172
9097,electronics-9097,electronics,62.89,179
9098,clothing-9098,clothing,64.26,186
9099,books-9099,books,65.63,193
9100,home-9100,home,67.00,200
9101,toys-9101,toys,68.37,207
9102,food-9102,food,69.74,214
9103,electronics-9103,electronics,71.11,221
9104,clothing-9104,clothing,72.48,228
9105,books-9105,books,73.85,235
9106,home-9106,home,75.22,242
9107,toys-9107,toys,76.59,249
9108,food-9108,food,77.96,256
9109,electronics-9109,electronics,79.33,263
9110,clothing-9110,clothing,80.70,270
9111,books-9111,books,82.07,277
9112,home-9112,home,83.44,284
9113,toys-9113,toys,84.81,291
9114,food-9114,food,86.18,298
9115,electronics-9115,electronics,87.55,305
9116,clothing-9116,clothing,88.92,312
9117,books-9117,books,90.29,319
9118,home-9118,home,91.66,326
9119,toys-9119,toys,93.03,333
9120,food-9120,food,94.40,340
9121,electronics-9121,electronics,95.77,347
9122,clothing-9122,clothing,97.14,354
9123,books-9123,books,98.51,361
9124,home-9124,home,99.88,368
9125,toys-9125,toys,1.25,375
9126,food-9126,food,2.62,382
9127,electronics-9127,electronics,3.99,389
9128,clothing-9128,clothing,5.36,396
9129,books-9129,books,6.73,403
9130,home-9130,home,8.10,410
9131,toys-9131,toys,9.47,417
9132,food-9132,food,10.84,424
9133,electronics-9133,electronics,12.21,431
9134,clothing-9134,clothing,13.58,438
9135,books-9135,books,14.95,445
9136,home-9136,home,16.32,452
9137,toys-9137,toys,17.69,459
9138,food-9138,food,19.06,466
9139,electronics-9139,electronics,20.43,473
9140,clothing-9140,clothing,21.80,480
9141,books-9141,books,23.17,487
9142,home-9142,home,24.54,494
9143,toys-9143,toys,25.91,1
9144,food-9144,food,27.28,8
9145,electronics-9145,electronics,28.65,15
9146,clothing-9146,clothing,30.02,22
9147,books-9147,books,31.39,29
9148,home-9148,home,32.76,36
9149,toys-9149,toys,34.13,43
9150,food-9150,food,35.50,50
9151,electronics-9151,electronics,36.87,57
9152,clothing-9152,clothing,38.24,64
9153,books-9153,books,39.61,71
9154,home-9154,home,40.98,78
9155,toys-9155,toys,42.35,85
9156,food-9156,food,43.72,92
9157,electronics-9157,electronics,45.09,99
9158,clothing-9158,clothing,46.46,106
9159,books-9159,books,47.83,113
9160,home-9160,home,49.20,120
9161,toys-9161,toys,50.57,127
9162,food-9162,food,51.94,134
9163,electronics-9163,electronics,53.31,141
9164,clothing-9164,clothing,54.68,148
9165,books-9165,books,56.05,155
9166,home-9166,home,57.42,162
9167,toys-9167,toys,58.79,169
9168,food-9168,food,60.16,176
9169,electronics-9169,electronics,61.53,183
9170,clothing-9170,clothing,62.90,190
9171,books-9171,books,64.27,197
9172,home-9172,home,65.64,204
9173,toys-9173,toys,67.01,211
9174,food-9174,food,68.38,218
9175,electronics-9175,electronics,69.75,225
9176,clothing-9176,clothing,71.12,232
9177,books-9177,books,72.49,239
9178,home-9178,home,73.86,246
9179,toys-9179,toys,75.23,253
9180,food-9180,food,76.60,260
9181,electronics-9181,electronics,77.97,267
9182,clothing-9182,clothing,79.34,274
9183,books-9183,books,80.71,281
9184,home-9184,home,82.08,288
9185,toys-9185,toys,83.45,295
9186,food-9186,food,84.82,302
9187,electronics-9187,electronics,86.19,309
9188,clothing-9188,clothing,87.56,316
9189,books-9189,books,88.93,323
9190,home-9190,home,90.30,330
9191,toys-9191,toys,91.67,337
9192,food-9192,food,93.04,344
9193,electronics-9193,electronics,94.41,351
9194,clothing-9194,clothing,95.78,358
9195,books-9195,books,97.15,365
9196,home-9196,home,98.52,372
9197,toys-9197,toys,99.89,379
9198,food-9198,food,1.26,386
9199,electronics-9199,electronics,2.63,393
9200,clothing-9200,clothing,4.00,400
9201,books-9201,books,5.37,407
9202,home-9202,home,6.74,414
9203,toys-9203,toys,8.11,421
9204,food-9204,food,9.48,428
9205,electronics-9205,electronics,10.85,435
9206,clothing-9206,clothing,12.22,442
9207,books-9207,books,13.59,449
9208,home-9208,home,14.96,456
9209,toys-9209,toys,16.33,463
9210,food-9210,food,17.70,470
9211,electronics-9211,electronics,19.07,477
9212,clothing-9212,clothing,20.44,484
9213,books-9213,books,21.81,491
9214,home-9214,home,23.18,498
9215,toys-9215,toys,24.55,5
9216,food-9216,food,25.92,12
9217,electronics-9217,electronics,27.29,19
9218,clothing-9218,clothing,28.66,26
9219,books-9219,books,30.03,33
9220,home-9220,home,31.40,40
9221,toys-9221,toys,32.77,47
9222,food-9222,food,34.14,54
9223,electronics-9223,electronics,35.51,61
9224,clothing-9224,clothing,36.88,68
9225,books-9225,books,38.25,75
9226,home-9226,home,39.62,82
9227,toys-9227,toys,40.99,89
9228,food-9228,food,42.36,96
9229,electronics-9229,electronics,43.73,103
9230,clothing-9230,clothing,45.10,110
9231,books-9231,books,46.47,117
9232,home-9232,home,47.84,124
9233,toys-9233,toys,49.21,131
9234,food-9234,food,50.58,138
9235,electronics-9235,electronics,51.95,145
9236,clothing-9236,clothing,53.32,152
9237,books-9237,books,54.69,159
9238,home-9238,home,56.06,166
9239,toys-9239,toys,57.43,173
9240,food-9240,food,58.80,180
9241,electronics-9241,electronics,60.17,187
9242,clothing-9242,clothing,61.54,194
9243,books-9243,books,62.91,201
9244,home-9244,home,64.28,208
9245,toys-9245,toys,65.65,215
9246,food-9246,food,67.02,222
9247,electronics-9247,electronics,68.39,229
9248,clothing-9248,clothing,69.76,236
9249,books-9249,books,71.13,243
9250,home-9250,home,72.50,250
9251,toys-9251,toys,73.87,257
9252,food-9252,food,75.24,264
9253,electronics-9253,electronics,76.61,271
9254,clothing-9254,clothing,77.98,278
9255,books-9255,books,79.35,285
9256,home-9256,home,80.72,292
9257,toys-9257,toys,82.09,299
9258,food-9258,food,83.46,306
9259,electronics-9259,electronics,84.83,313
9260,clothing-9260,clothing,86.20,320
9261,books-9261,books,87.57,327
9262,home-9262,home,88.94,334
9263,toys-9263,toys,90.31,341
9264,food-9264,food,91.68,348
9265,electronics-9265,electronics,93.05,355
9266,clothing-9266,clothing,94.42,362
9267,books-9267,books,95.79,369
9268,home-9268,home,97.16,376
9269,toys-9269,toys,98.53,383
9270,food-9270,food,99.90,390
9271,electronics-9271,electronics,1.27,397
9272,clothing-9272,clothing,2.64,404
9273,books-9273,books,4.01,411
9274,home-9274,home,5.38,418
9275,toys-9275,toys,6.75,425
9276,food-9276,food,8.12,432
9277,electronics-9277,electronics,9.49,439
9278,clothing-9278,clothing,10.86,446
9279,books-9279,books,12.23,453
9280,home-9280,home,13.60,460
9281,toys-9281,toys,14.97,467
9282,food-9282,food,16.34,474
9283,electronics-9283,electronics,17.71,481
9284,clothing-9284,clothing,19.08,488
9285,books-9285,books,20.45,495
9286,home-9286,home,21.82,2
9287,toys-9287,toys,23.19,9
9288,food-9288,food,24.56,16
9289,electronics-9289,electronics,25.93,23
9290,clothing-9290,clothing,27.30,30
9291,books-9291,books,28.67,37
9292,home-9292,home,30.04,44
9293,toys-9293,toys,31.41,51
9294,food-9294,food,32.78,58
9295,electronics-9295,electronics,34.15,65
9296,clothing-9296,clothing,35.52,72
9297,books-9297,books,36.89,79
9298,home-9298,home,38.26,86
9299,toys-9299,toys,39.63,93
9300,food-9300,food,41.00,100
9301,electronics-9301,electronics,42.37,107
9302,clothing-9302,clothing,43.74,114
9303,books-9303,books,45.11,121
9304,home-9304,home,46.48,128
9305,toys-9305,toys,47.85,135
9306,food-9306,food,49.22,142
9307,electronics-9307,electronics,50.59,149
9308,clothing-9308,clothing,51.96,156
9309,books-9309,books,53.33,163
9310,home-9310,home,54.70,170
9311,toys-9311,toys,56.07,177
9312,food-9312,food,57.44,184
9313,electronics-9313,electronics,58.81,191
9314,clothing-9314,clothing,60.18,198
9315,books-9315,books,61.55,205
9316,home-9316,home,62.92,212
9317,toys-9317,toys,64.29,219
9318,food-9318,food,65.66,226
9319,electronics-9319,electronics,67.03,233
9320,clothing-9320,clothing,68.40,240
9321,books-9321,books,69.77,247
9322,home-9322,home,71.14,254
9323,toys-9323,toys,72.51,261
9324,food-9324,food,73.88,268
9325,electronics-9325,electronics,75.25,275
9326,clothing-9326,clothing,76.62,282
9327,books-9327,books,77.99,289
9328,home-9328,home,79.36,296
9329,toys-9329,toys,80.73,303
9330,food-9330,food,82.10,310
9331,electronics-9331,electronics,83.47,317
9332,clothing-9332,clothing,84.84,324
9333,books-9333,books,86.21,331
9334,home-9334,home,87.58,338
9335,toys-9335,toys,88.95,345
9336,food-9336,food,90.32,352
9337,electronics-9337,electronics,91.69,359
9338,clothing-9338,clothing,93.06,366
9339,books-9339,books,94.43,373
9340,home-9340,home,95.80,380
9341,toys-9341,toys,97.17,387
9342,food-9342,food,98.54,394
9343,electronics-9343,electronics,99.91,401
9344,clothing-9344,clothing,1.28,408
9345,books-9345,books,2.65,415
9346,home-9346,home,4.02,422
9347,toys-9347,toys,5.39,429
9348,food-9348,food,6.76,436
9349,electronics-9349,electronics,8.13,443
9350,clothing-9350,clothing,9.50,450
9351,books-9351,books,10.87,457
9352,home-9352,home,12.24,464
9353,toys-9353,toys,13.61,471
9354,food-9354,food,14.98,478
9355,electronics-9355,electronics,16.35,485
9356,clothing-9356,clothing,17.72,492
9357,books-9357,books,19.09,499
9358,home-9358,home,20.46,6
9359,toys-9359,toys,21.83,13
9360,food-9360,food,23.20,20
9361,electronics-9361,electronics,24.57,27
9362,clothing-9362,clothing,25.94,34
9363,books-9363,books,27.31,41
9364,home-9364,home,28.68,48
9365,toys-9365,toys,30.05,55
9366,food-9366,food,31.42,62
9367,electronics-9367,electronics,32.79,69
9368,clothing-9368,clothing,34.16,76
9369,books-9369,books,35.53,83
9370,home-9370,home,36.90,90
9371,toys-9371,toys,38.27,97
9372,food-9372,food,39.64,104
9373,electronics-9373,electronics,41.01,111
9374,clothing-9374,clothing,42.38,118
9375,books-9375,books,43.75,125
9376,home-9376,home,45.12,132
9377,toys-9377,toys,46.49,139
9378,food-9378,food,47.86,146
9379,electronics-9379,electronics,49.23,153
9380,clothing-9380,clothing,50.60,160
9381,books-9381,books,51.97,167
9382,home-9382,home,53.34,174
9383,toys-9383,toys,54.71,181
9384,food-9384,food,56.08,188
9385,electronics-9385,electronics,57.45,195
9386,clothing-9386,clothing,58.82,202
9387,books-9387,books,60.19,209
9388,home-9388,home,61.56,216
9389,toys-9389,toys,62.93,223
9390,food-9390,food,64.30,230
9391,electronics-9391,electronics,65.67,237
9392,clothing-9392,clothing,67.04,244
9393,books-9393,books,68.41,251
9394,home-9394,home,69.78,258
9395,toys-9395,toys,71.15,265
9396,food-9396,food,72.52,272
9397,electronics-9397,electronics,73.89,279
9398,clothing-9398,clothing,75.26,286
9399,books-9399,books,76.63,293
9400,home-9400,home,78.00,300
9401,toys-9401,toys,79.37,307
9402,food-9402,food,80.74,314
9403,electronics-9403,electronics,82.11,321
9404,clothing-9404,clothing,83.48,328
9405,books-9405,books,84.85,335
9406,home-9406,home,86.22,342
9407,toys-9407,toys,87.59,349
9408,food-9408,food,88.96,356
9409,electronics-9409,electronics,90.33,363
9410,clothing-9410,clothing,91.70,370
9411,books-9411,books,93.07,377
9412,home-9412,home,94.44,384
9413,toys-9413,toys,95.81,391
9414,food-9414,food,97.18,398
9415,electronics-9415,electronics,98.55,405
9416,clothing-9416,clothing,99.92,412
9417,books-9417,books,1.29,419
9418,home-9418,home,2.66,426
9419,toys-9419,toys,4.03,433
9420,food-9420,food,5.40,440
9421,electronics-9421,electronics,6.77,447
9422,clothing-9422,clothing,8.14,454
9423,books-9423,books,9.51,461
9424,home-9424,home,10.88,468
9425,toys-9425,toys,12.25,475
9426,food-9426,food,13.62,482
9427,electronics-9427,electronics,14.99,489
9428,clothing-9428,clothing,16.36,496
9429,books-9429,books,17.73,3
9430,home-9430,home,19.10,10
9431,toys-9431,toys,20.47,17
9432,food-9432,food,21.84,24
9433,electronics-9433,electronics,23.21,31
9434,clothing-9434,clothing,24.58,38
9435,books-9435,books,25.95,45
9436,home-9436,home,27.32,52
9437,toys-9437,toys,28.69,59
9438,food-9438,food,30.06,66
9439,electronics-9439,electronics,31.43,73
9440,clothing-9440,clothing,32.80,80
9441,books-9441,books,34.17,87
9442,home-9442,home,35.54,94
9443,toys-9443,toys,36.91,101
9444,food-9444,food,38.28,108
9445,electronics-9445,electronics,39.65,115
9446,clothing-9446,clothing,41.02,122
9447,books-9447,books,42.39,129
9448,home-9448,home,43.76,136
9449,toys-9449,toys,45.13,143
9450,food-9450,food,46.50,150
9451,electronics-9451,electronics,47.87,157
9452,clothing-9452,clothing,49.24,164
9453,books-9453,books,50.61,171
9454,home-9454,home,51.98,178
9455,toys-9455,toys,53.35,185
9456,food-9456,food,54.72,192
9457,electronics-9457,electronics,56.09,199
9458,clothing-9458,clothing,57.46,206
9459,books-9459,books,58.83,213
9460,home-9460,home,60.20,220
9461,toys-9461,toys,61.57,227
9462,food-9462,food,62.94,234
9463,electronics-9463,electronics,64.31,241
9464,clothing-9464,clothing,65.68,248
9465,books-9465,books,67.05,255
9466,home-9466,home,68.42,262
9467,toys-9467,toys,69.79,269
9468,food-9468,food,71.16,276
9469,electronics-9469,electronics,72.53,283
9470,clothing-9470,clothing,73.90,290
9471,books-9471,books,75.27,297
9472,home-9472,home,76.64,304
9473,toys-9473,toys,78.01,311
9474,food-9474,food,79.38,318
9475,electronics-9475,electronics,80.75,325
9476,clothing-9476,clothing,82.12,332
9477,books-9477,books,83.49,339
9478,home-9478,home,84.86,346
9479,toys-9479,toys,86.23,353
9480,food-9480,food,87.60,360
9481,electronics-9481,electronics,88.97,367
9482,clothing-9482,clothing,90.34,374
9483,books-9483,books,91.71,381
9484,home-9484,home,93.08,388
9485,toys-9485,toys,94.45,395
9486,food-9486,food,95.82,402
9487,electronics-9487,electronics,97.19,409
9488,clothing-9488,clothing,98.56,416
9489,books-9489,books,99.93,423
9490,home-9490,home,1.30,430
9491,toys-9491,toys,2.67,437
9492,food-9492,food,4.04,444
9493,electronics-9493,electronics,5.41,451
9494,clothing-9494,clothing,6.78,458
9495,books-9495,books,8.15,465
9496,home-9496,home,9.52,472
9497,toys-9497,toys,10.89,479
9498,food-9498,food,12.26,486
9499,electronics-9499,electronics,13.63,493
9500,clothing-9500,clothing,15.00,0
9501,books-9501,books,16.37,7
9502,home-9502,home,17.74,14
9503,toys-9503,toys,19.11,21
9504,food-9504,food,20.48,28
9505,electronics-9505,electronics,21.85,35
9506,clothing-9506,clothing,23.22,42
9507,books-9507,books,24.59,49
9508,home-9508,home,25.96,56
9509,toys-9509,toys,27.33,63
9510,food-9510,food,28.70,70
9511,electronics-9511,electronics,30.07,77
9512,clothing-9512,clothing,31.44,84
9513,books-9513,books,32.81,91
9514,home-9514,home,34.18,98
9515,toys-9515,toys,35.55,105
9516,food-9516,food,36.92,112
9517,electronics-9517,electronics,38.29,119
9518,clothing-9518,clothing,39.66,126
9519,books-9519,books,41.03,133
9520,home-9520,home,42.40,140
9521,toys-9521,toys,43.77,147
9522,food-9522,food,45.14,154
9523,electronics-9523,electronics,46.51,161
9524,clothing-9524,clothing,47.88,168
9525,books-9525,books,49.25,175
9526,home-9526,home,50.62,182
9527,toys-9527,toys,51.99,189
9528,food-9528,food,53.36,196
9529,electronics-9529,electronics,54.73,203
9530,clothing-9530,clothing,56.10,210
9531,books-9531,books,57.47,217
9532,home-9532,home,58.84,224
9533,toys-9533,toys,60.21,231
9534,food-9534,food,61.58,238
9535,electronics-9535,electronics,62.95,245
9536,clothing-9536,clothing,64.32,252
9537,books-9537,books,65.69,259
9538,home-9538,home,67.06,266
9539,toys-9539,toys,68.43,273
9540,food-9540,food,69.80,280
9541,electronics-9541,electronics,71.17,287
9542,clothing-9542,clothing,72.54,294
9543,books-9543,books,73.91,301
9544,home-9544,home,75.28,308
9545,toys-9545,toys,76.65,315
9546,food-9546,food,78.02,322
9547,electronics-9547,electronics,79.39,329
9548,clothing-9548,clothing,80.76,336
9549,books-9549,books,82.13,343
9550,home-9550,home,83.50,350
9551,toys-9551,toys,84.87,357
9552,food-9552,food,86.24,364
9553,electronics-9553,electronics,87.61,371
9554,clothing-9554,clothing,88.98,378
9555,books-9555,books,90.35,385
9556,home-9556,home,91.72,392
9557,toys-9557,toys,93.09,399
9558,food-9558,food,94.46,406
9559,electronics-9559,electronics,95.83,413
9560,clothing-9560,clothing,97.20,420
9561,books-9561,books,98.57,427
9562,home-9562,home,99.94,434
9563,toys-9563,toys,1.31,441
9564,food-9564,food,2.68,448
9565,electronics-9565,electronics,4.05,455
9566,clothing-9566,clothing,5.42,462
9567,books-9567,books,6.79,469
9568,home-9568,home,8.16,476
9569,toys-9569,toys,9.53,483
9570,food-9570,food,10.90,490
9571,electronics-9571,electronics,12.27,497
9572,clothing-9572,clothing,13.64,4
9573,books-9573,books,15.01,11
9574,home-9574,home,16.38,18
9575,toys-9575,toys,17.75,25
9576,food-9576,food,19.12,32
9577,electronics-9577,electronics,20.49,39
9578,clothing-9578,clothing,21.86,46
9579,books-9579,books,23.23,53
9580,home-9580,home,24.60,60
9581,toys-9581,toys,25.97,67
9582,food-9582,food,27.34,74
9583,electronics-9583,electronics,28.71,81
9584,clothing-9584,clothing,30.08,88
9585,books-9585,books,31.45,95
9586,home-9586,home,32.82,102
9587,toys-9587,toys,34.19,109
9588,food-9588,food,35.56,116
9589,electronics-9589,electronics,36.93,123
9590,clothing-9590,clothing,38.30,130
9591,books-9591,books,39.67,137
9592,home-9592,home,41.04,144
9593,toys-9593,toys,42.41,151
9594,food-9594,food,43.78,158
9595,electronics-9595,electronics,45.15,165
9596,clothing-9596,clothing,46.52,172
9597,books-9597,books,47.89,179
9598,home-9598,home,49.26,186
9599,toys-9599,toys,50.63,193
9600,food-9600,food,52.00,200
9601,electronics-9601,electronics,53.37,207
9602,clothing-9602,clothing,54.74,214
9603,books-9603,books,56.11,221
9604,home-9604,home,57.48,228
9605,toys-9605,toys,58.85,235
9606,food-9606,food,60.22,242
9607,electronics-9607,electronics,61.59,249
9608,clothing-9608,clothing,62.96,256
9609,books-9609,books,64.33,263
9610,home-9610,home,65.70,270
9611,toys-9611,toys,67.07,277
9612,food-9612,food,68.44,284
9613,electronics-9613,electronics,69.81,291
9614,clothing-9614,clothing,71.18,298
9615,books-9615,books,72.55,305
9616,home-9616,home,73.92,312
9617,toys-9617,toys,75.29,319
9618,food-9618,food,76.66,326
9619,electronics-9619,electronics,78.03,333
9620,clothing-9620,clothing,79.40,340
9621,books-9621,books,80.77,347
9622,home-9622,home,82.14,354
9623,toys-9623,toys,83.51,361
9624,food-9624,food,84.88,368
9625,electronics-9625,electronics,86.25,375
9626,clothing-9626,clothing,87.62,382
9627,books-9627,books,88.99,389
9628,home-9628,home,90.36,396
9629,toys-9629,toys,91.73,403
9630,food-9630,food,93.10,410
9631,electronics-9631,electronics,94.47,417
9632,clothing-9632,clothing,95.84,424
9633,books-9633,books,97.21,431
9634,home-9634,home,98.58,438
9635,toys-9635,toys,99.95,445
9636,food-9636,food,1.32,452
9637,electronics-9637,electronics,2.69,459
9638,clothing-9638,clothing,4.06,466
9639,books-9639,books,5.43,473
9640,home-9640,home,6.80,480
9641,toys-9641,toys,8.17,487
9642,food-9642,food,9.54,494
9643,electronics-9643,electronics,10.91,1
9644,clothing-9644,clothing,12.28,8
9645,books-9645,books,13.65,15
9646,home-9646,home,15.02,22
9647,toys-9647,toys,16.39,29
9648,food-9648,food,17.76,36
9649,electronics-9649,electronics,19.13,43
9650,clothing-9650,clothing,20.50,50
9651,books-9651,books,21.87,57
9652,home-9652,home,23.24,64
9653,toys-9653,toys,24.61,71
9654,food-9654,food,25.98,78
9655,electronics-9655,electronics,27.35,85
9656,clothing-9656,clothing,28.72,92
9657,books-9657,books,30.09,99
9658,home-9658,home,31.46,106
9659,toys-9659,toys,32.83,113
9660,food-9660,food,34.20,120
9661,electronics-9661,electronics,35.57,127
9662,clothing-9662,clothing,36.94,134
9663,books-9663,books,38.31,141
9664,home-9664,home,39.68,148
9665,toys-9665,toys,41.05,155
9666,food-9666,food,42.42,162
9667,electronics-9667,electronics,43.79,169
9668,clothing-9668,clothing,45.16,176
9669,books-9669,books,46.53,183
9670,home-9670,home,47.90,190
9671,toys-9671,toys,49.27,197
9672,food-9672,food,50.64,204
9673,electronics-9673,electronics,52.01,211
9674,clothing-9674,clothing,53.38,218
9675,books-9675,books,54.75,225
9676,home-9676,home,56.12,232
9677,toys-9677,toys,57.49,239
9678,food-9678,food,58.86,246
9679,electronics-9679,electronics,60.23,253
9680,clothing-9680,clothing,61.60,260
9681,books-9681,books,62.97,267
9682,home-9682,home,64.34,274
9683,toys-9683,toys,65.71,281
9684,food-9684,food,67.08,288
9685,electronics-9685,electronics,68.45,295
9686,clothing-9686,clothing,69.82,302
9687,books-9687,books,71.19,309
9688,home-9688,home,72.56,316
9689,toys-9689,toys,73.93,323
9690,food-9690,food,75.30,330
9691,electronics-9691,electronics,76.67,337
9692,clothing-9692,clothing,78.04,344
9693,books-9693,books,79.41,351
9694,home-9694,home,80.78,358
9695,toys-9695,toys,82.15,365
9696,food-9696,food,83.52,372
9697,electronics-9697,electronics,84.89,379
9698,clothing-9698,clothing,86.26,386
9699,books-9699,books,87.63,393
9700,home-9700,home,89.00,400
9701,toys-9701,toys,90.37,407
9702,food-9702,food,91.74,414
9703,electronics-9703,electronics,93.11,421
9704,clothing-9704,clothing,94.48,428
9705,books-9705,books,95.85,435
9706,home-9706,home,97.22,442
9707,toys-9707,toys,98.59,449
9708,food-9708,food,99.96,456
9709,electronics-9709,electronics,1.33,463
9710,clothing-9710,clothing,2.70,470
9711,books-9711,books,4.07,477
9712,home-9712,home,5.44,484
9713,toys-9713,toys,6.81,491
9714,food-9714,food,8.18,498
9715,electronics-9715,electronics,9.55,5
9716,clothing-9716,clothing,10.92,12
9717,books-9717,books,12.29,19
9718,home-9718,home,13.66,26
9719,toys-9719,toys,15.03,33
9720,food-9720,food,16.40,40
9721,electronics-9721,electronics,17.77,47
9722,clothing-9722,clothing,19.14,54
9723,books-9723,books,20.51,61
9724,home-9724,home,21.88,68
9725,toys-9725,toys,23.25,75
9726,food-9726,food,24.62,82
9727,electronics-9727,electronics,25.99,89
9728,clothing-9728,clothing,27.36,96
9729,books-9729,books,28.73,103
9730,home-9730,home,30.10,110
9731,toys-9731,toys,31.47,117
9732,food-9732,food,32.84,124
9733,electronics-9733,electronics,34.21,131
9734,clothing-9734,clothing,35.58,138
9735,books-9735,books,36.95,145
9736,home-9736,home,38.32,152
9737,toys-9737,toys,39.69,159
9738,food-9738,food,41.06,166
9739,electronics-9739,electronics,42.43,173
9740,clothing-9740,clothing,43.80,180
9741,books-9741,books,45.17,187
9742,home-9742,home,46.54,194
9743,toys-9743,toys,47.91,201
9744,food-9744,food,49.28,208
9745,electronics-9745,electronics,50.65,215
9746,clothing-9746,clothing,52.02,222
9747,books-9747,books,53.39,229
9748,home-9748,home,54.76,236
9749,toys-9749,toys,56.13,243
9750,food-9750,food,57.50,250
9751,electronics-9751,electronics,58.87,257
9752,clothing-9752,clothing,60.24,264
9753,books-9753,books,61.61,271
9754,home-9754,home,62.98,278
9755,toys-9755,toys,64.35,285
9756,food-9756,food,65.72,292
9757,electronics-9757,electronics,67.09,299
9758,clothing-9758,clothing,68.46,306
9759,books-9759,books,69.83,313
9760,home-9760,home,71.20,320
9761,toys-9761,toys,72.57,327
9762,food-9762,food,73.94,334
9763,electronics-9763,electronics,75.31,341
9764,clothing-9764,clothing,76.68,348
9765,books-9765,books,78.05,355
9766,home-9766,home,79.42,362
9767,toys-9767,toys,80.79,369
9768,food-9768,food,82.16,376
9769,electronics-9769,electronics,83.53,383
9770,clothing-9770,clothing,84.90,390
9771,books-9771,books,86.27,397
9772,home-9772,home,87.64,404
9773,toys-9773,toys,89.01,411
9774,food-9774,food,90.38,418
9775,electronics-9775,electronics,91.75,425
9776,clothing-9776,clothing,93.12,432
9777,books-9777,books,94.49,439
9778,home-9778,home,95.86,446
9779,toys-9779,toys,97.23,453
9780,food-9780,food,98.60,460
9781,electronics-9781,electronics,99.97,467
9782,clothing-9782,clothing,1.34,474
9783,books-9783,books,2.71,481
9784,home-9784,home,4.08,488
9785,toys-9785,toys,5.45,495
9786,food-9786,food,6.82,2
9787,electronics-9787,electronics,8.19,9
9788,clothing-9788,clothing,9.56,16
9789,books-9789,books,10.93,23
9790,home-9790,home,12.30,30
9791,toys-9791,toys,13.67,37
9792,food-9792,food,15.04,44
9793,electronics-9793,electronics,16.41,51
9794,clothing-9794,clothing,17.78,58
9795,books-9795,books,19.15,65
9796,home-9796,home,20.52,72
9797,toys-9797,toys,21.89,79
9798,food-9798,food,23.26,86
9799,electronics-9799,electronics,24.63,93
9800,clothing-9800,clothing,26.00,100
9801,books-9801,books,27.37,107
9802,home-9802,home,28.74,114
9803,toys-9803,toys,30.11,121
9804,food-9804,food,31.48,128
9805,electronics-9805,electronics,32.85,135
9806,clothing-9806,clothing,34.22,142
9807,books-9807,books,35.59,149
9808,home-9808,home,36.96,156
9809,toys-9809,toys,38.33,163
9810,food-9810,food,39.70,170
9811,electronics-9811,electronics,41.07,177
9812,clothing-9812,clothing,42.44,184
9813,books-9813,books,43.81,191
9814,home-9814,home,45.18,198
9815,toys-9815,toys,46.55,205
9816,food-9816,food,47.92,212
9817,electronics-9817,electronics,49.29,219
9818,clothing-9818,clothing,50.66,226
9819,books-9819,books,52.03,233
9820,home-9820,home,53.40,240
9821,toys-9821,toys,54.77,247
9822,food-9822,food,56.14,254
9823,electronics-9823,electronics,57.51,261
9824,clothing-9824,clothing,58.88,268
9825,books-9825,books,60.25,275
9826,home-9826,home,61.62,282
9827,toys-9827,toys,62.99,289
9828,food-9828,food,64.36,296
9829,electronics-9829,electronics,65.73,303
9830,clothing-9830,clothing,67.10,310
9831,books-9831,books,68.47,317
9832,home-9832,home,69.84,324
9833,toys-9833,toys,71.21,331
9834,food-9834,food,72.58,338
9835,electronics-9835,electronics,73.95,345
9836,clothing-9836,clothing,75.32,352
9837,books-9837,books,76.69,359
9838,home-9838,home,78.06,366
9839,toys-9839,toys,79.43,373
9840,food-9840,food,80.80,380
9841,electronics-9841,electronics,82.17,387
9842,clothing-9842,clothing,83.54,394
9843,books-9843,books,84.91,401
9844,home-9844,home,86.28,408
9845,toys-9845,toys,87.65,415
9846,food-9846,food,89.02,422
9847,electronics-9847,electronics,90.39,429
9848,clothing-9848,clothing,91.76,436
9849,books-9849,books,93.13,443
9850,home-9850,home,94.50,450
9851,toys-9851,toys,95.87,457
9852,food-9852,food,97.24,464
9853,electronics-9853,electronics,98.61,471
9854,clothing-9854,clothing,99.98,478
9855,books-9855,books,1.35,485
9856,home-9856,home,2.72,492
9857,toys-9857,toys,4.09,499
9858,food-9858,food,5.46,6
9859,electronics-9859,electronics,6.83,13
9860,clothing-9860,clothing,8.20,20
9861,books-9861,books,9.57,27
9862,home-9862,home,10.94,34
9863,toys-9863,toys,12.31,41
9864,food-9864,food,13.68,48
9865,electronics-9865,electronics,15.05,55
9866,clothing-9866,clothing,16.42,62
9867,books-9867,books,17.79,69
9868,home-9868,home,19.16,76
9869,toys-9869,toys,20.53,83
9870,food-9870,food,21.90,90
9871,electronics-9871,electronics,23.27,97
9872,clothing-9872,clothing,24.64,104
9873,books-9873,books,26.01,111
9874,home-9874,home,27.38,118
9875,toys-9875,toys,28.75,125
9876,food-9876,food,30.12,132
9877,electronics-9877,electronics,31.49,139
9878,clothing-9878,clothing,32.86,146
9879,books-9879,books,34.23,153
9880,home-9880,home,35.60,160
9881,toys-9881,toys,36.97,167
9882,food-9882,food,38.34,174
9883,electronics-9883,electronics,39.71,181
9884,clothing-9884,clothing,41.08,188
9885,books-9885,books,42.45,195
9886,home-9886,home,43.82,202
9887,toys-9887,toys,45.19,209
9888,food-9888,food,46.56,216
9889,electronics-9889,electronics,47.93,223
9890,clothing-9890,clothing,49.30,230
9891,books-9891,books,50.67,237
9892,home-9892,home,52.04,244
9893,toys-9893,toys,53.41,251
9894,food-9894,food,54.78,258
9895,electronics-9895,electronics,56.15,265
9896,clothing-9896,clothing,57.52,272
9897,books-9897,books,58.89,279
9898,home-9898,home,60.26,286
9899,toys-9899,toys,61.63,293
9900,food-9900,food,63.00,300
9901,electronics-9901,electronics,64.37,307
9902,clothing-9902,clothing,65.74,314
9903,books-9903,books,67.11,321
9904,home-9904,home,68.48,328
9905,toys-9905,toys,69.85,335
9906,food-9906,food,71.22,342
9907,electronics-9907,electronics,72.59,349
9908,clothing-9908,clothing,73.96,356
9909,books-9909,books,75.33,363
9910,home-9910,home,76.70,370
9911,toys-9911,toys,78.07,377
9912,food-9912,food,79.44,384
9913,electronics-9913,electronics,80.81,391
9914,clothing-9914,clothing,82.18,398
9915,books-9915,books,83.55,405
9916,home-9916,home,84.92,412
9917,toys-9917,toys,86.29,419
9918,food-9918,food,87.66,426
9919,electronics-9919,electronics,89.03,433
9920,clothing-9920,clothing,90.40,440
9921,books-9921,books,91.77,447
9922,home-9922,home,93.14,454
9923,toys-9923,toys,94.51,461
9924,food-9924,food,95.88,468
9925,electronics-9925,electronics,97.25,475
9926,clothing-9926,clothing,98.62,482
9927,books-9927,books,99.99,489
9928,home-9928,home,1.36,496
9929,toys-9929,toys,2.73,3
9930,food-9930,food,4.10,10
9931,electronics-9931,electronics,5.47,17
9932,clothing-9932,clothing,6.84,24
9933,books-9933,books,8.21,31
9934,home-9934,home,9.58,38
9935,toys-9935,toys,10.95,45
9936,food-9936,food,12.32,52
9937,electronics-9937,electronics,13.69,59
9938,clothing-9938,clothing,15.06,66
9939,books-9939,books,16.43,73
9940,home-9940,home,17.80,80
9941,toys-9941,toys,19.17,87
9942,food-9942,food,20.54,94
9943,electronics-9943,electronics,21.91,101
9944,clothing-9944,clothing,23.28,108
9945,books-9945,books,24.65,115
9946,home-9946,home,26.02,122
9947,toys-9947,toys,27.39,129
9948,food-9948,food,28.76,136
9949,electronics-9949,electronics,30.13,143
9950,clothing-9950,clothing,31.50,150
9951,books-9951,books,32.87,157
9952,home-9952,home,34.24,164
9953,toys-9953,toys,35.61,171
9954,food-9954,food,36.98,178
9955,electronics-9955,electronics,38.35,185
9956,clothing-9956,clothing,39.72,192
9957,books-9957,books,41.09,199
9958,home-9958,home,42.46,206
9959,toys-9959,toys,43.83,213
9960,food-9960,food,45.20,220
9961,electronics-9961,electronics,46.57,227
9962,clothing-9962,clothing,47.94,234
9963,books-9963,books,49.31,241
9964,home-9964,home,50.68,248
9965,toys-9965,toys,52.05,255
9966,food-9966,food,53.42,262
9967,electronics-9967,electronics,54.79,269
9968,clothing-9968,clothing,56.16,276
9969,books-9969,books,57.53,283
9970,home-9970,home,58.90,290
9971,toys-9971,toys,60.27,297
9972,food-9972,food,61.64,304
9973,electronics-9973,electronics,63.01,311
9974,clothing-9974,clothing,64.38,318
9975,books-9975,books,65.75,325
9976,home-9976,home,67.12,332
9977,toys-9977,toys,68.49,339
9978,food-9978,food,69.86,346
9979,electronics-9979,electronics,71.23,353
9980,clothing-9980,clothing,72.60,360
9981,books-9981,books,73.97,367
9982,home-9982,home,75.34,374
9983,toys-9983,toys,76.71,381
9984,food-9984,food,78.08,388
9985,electronics-9985,electronics,79.45,395
9986,clothing-9986,clothing,80.82,402
9987,books-9987,books,82.19,409
9988,home-9988,home,83.56,416
9989,toys-9989,toys,84.93,423
9990,food-9990,food,86.30,430
9991,electronics-9991,electronics,87.67,437
9992,clothing-9992,clothing,89.04,444
9993,books-9993,books,90.41,451
9994,home-9994,home,91.78,458
9995,toys-9995,toys,93.15,465
9996,food-9996,food,94.52,472
9997,electronics-9997,electronics,95.89,479
9998,clothing-9998,clothing,97.26,486
9999,books-9999,books,98.63,493
10000,home-10000,home,0.00,0